This is pdfTeX, Version 3.141592653-2.6-1.40.27 (MiKTeX 25.3) (preloaded format=pdflatex 2025.4.7)  20 JUL 2025 19:29
entering extended mode
 restricted \write18 enabled.
 file:line:error style messages enabled.
 %&-line parsing enabled.
**c:/Users/isiva/Documents/donammon/ejemplo-memoria.tex
(c:/Users/isiva/Documents/donammon/ejemplo-memoria.tex
LaTeX2e <2024-11-01> patch level 2
L3 programming layer <2025-01-18>
(tfg.cls
Document Class: tfg 2020/03/26 Plantilla para la memoria del TFG
(C:\Users\isiva\AppData\Local\Programs\MiKTeX\tex/latex/base\book.cls
Document Class: book 2024/06/29 v1.4n Standard LaTeX document class
(C:\Users\isiva\AppData\Local\Programs\MiKTeX\tex/latex/base\bk12.clo
File: bk12.clo 2024/06/29 v1.4n Standard LaTeX file (size option)
)
\c@part=\count196
\c@chapter=\count197
\c@section=\count198
\c@subsection=\count199
\c@subsubsection=\count266
\c@paragraph=\count267
\c@subparagraph=\count268
\c@figure=\count269
\c@table=\count270
\abovecaptionskip=\skip49
\belowcaptionskip=\skip50
\bibindent=\dimen141
) (C:\Users\isiva\AppData\Local\Programs\MiKTeX\tex/latex/base\fontenc.sty
Package: fontenc 2021/04/29 v2.0v Standard LaTeX package
) (C:\Users\isiva\AppData\Local\Programs\MiKTeX\tex/generic/babel\babel.sty
Package: babel 2025/03/27 v25.6 The multilingual framework for pdfLaTeX, LuaLaTeX and XeLaTeX
\babel@savecnt=\count271
\U@D=\dimen142
\l@unhyphenated=\language79
 (C:\Users\isiva\AppData\Local\Programs\MiKTeX\tex/generic/babel\txtbabel.def)
\bbl@readstream=\read2
\bbl@dirlevel=\count272

*************************************
* Local config file bblopts.cfg used
*
(C:\Users\isiva\AppData\Local\Programs\MiKTeX\tex/latex/arabi\bblopts.cfg
File: bblopts.cfg 2005/09/08 v0.1 add Arabic and Farsi to "declared" options of babel
) (C:\Users\isiva\AppData\Local\Programs\MiKTeX\tex/latex/babel-spanish\spanish.ldf
Language: spanish.ldf 2021/05/27 v5.0q Spanish support from the babel system
\es@quottoks=\toks17
\es@quotdepth=\count273
Package babel Info: Making " an active character on input line 570.
Package babel Info: Making . an active character on input line 675.
Package babel Info: Making < an active character on input line 722.
Package babel Info: Making > an active character on input line 722.
Package babel Info: Making ' an active character on input line 740.
)) (C:\Users\isiva\AppData\Local\Programs\MiKTeX\tex/generic/babel/locale/es\babel-spanish.tex
Package babel Info: Importing font and identification data for spanish
(babel)             from babel-es.ini. Reported on input line 11.
) (C:\Users\isiva\AppData\Local\Programs\MiKTeX\tex/latex/amsmath\amsmath.sty
Package: amsmath 2024/11/05 v2.17t AMS math features
\@mathmargin=\skip51

For additional information on amsmath, use the `?' option.
(C:\Users\isiva\AppData\Local\Programs\MiKTeX\tex/latex/amsmath\amstext.sty
Package: amstext 2021/08/26 v2.01 AMS text
 (C:\Users\isiva\AppData\Local\Programs\MiKTeX\tex/latex/amsmath\amsgen.sty
File: amsgen.sty 1999/11/30 v2.0 generic functions
\@emptytoks=\toks18
\ex@=\dimen143
)) (C:\Users\isiva\AppData\Local\Programs\MiKTeX\tex/latex/amsmath\amsbsy.sty
Package: amsbsy 1999/11/29 v1.2d Bold Symbols
\pmbraise@=\dimen144
) (C:\Users\isiva\AppData\Local\Programs\MiKTeX\tex/latex/amsmath\amsopn.sty
Package: amsopn 2022/04/08 v2.04 operator names
)
\inf@bad=\count274
LaTeX Info: Redefining \frac on input line 233.
\uproot@=\count275
\leftroot@=\count276
LaTeX Info: Redefining \overline on input line 398.
LaTeX Info: Redefining \colon on input line 409.
\classnum@=\count277
\DOTSCASE@=\count278
LaTeX Info: Redefining \ldots on input line 495.
LaTeX Info: Redefining \dots on input line 498.
LaTeX Info: Redefining \cdots on input line 619.
\Mathstrutbox@=\box52
\strutbox@=\box53
LaTeX Info: Redefining \big on input line 721.
LaTeX Info: Redefining \Big on input line 722.
LaTeX Info: Redefining \bigg on input line 723.
LaTeX Info: Redefining \Bigg on input line 724.
\big@size=\dimen145
LaTeX Font Info:    Redeclaring font encoding OML on input line 742.
LaTeX Font Info:    Redeclaring font encoding OMS on input line 743.
\macc@depth=\count279
LaTeX Info: Redefining \bmod on input line 904.
LaTeX Info: Redefining \pmod on input line 909.
LaTeX Info: Redefining \smash on input line 939.
LaTeX Info: Redefining \relbar on input line 969.
LaTeX Info: Redefining \Relbar on input line 970.
\c@MaxMatrixCols=\count280
\dotsspace@=\muskip17
\c@parentequation=\count281
\dspbrk@lvl=\count282
\tag@help=\toks19
\row@=\count283
\column@=\count284
\maxfields@=\count285
\andhelp@=\toks20
\eqnshift@=\dimen146
\alignsep@=\dimen147
\tagshift@=\dimen148
\tagwidth@=\dimen149
\totwidth@=\dimen150
\lineht@=\dimen151
\@envbody=\toks21
\multlinegap=\skip52
\multlinetaggap=\skip53
\mathdisplay@stack=\toks22
LaTeX Info: Redefining \[ on input line 2953.
LaTeX Info: Redefining \] on input line 2954.
) (C:\Users\isiva\AppData\Local\Programs\MiKTeX\tex/latex/amsfonts\amssymb.sty
Package: amssymb 2013/01/14 v3.01 AMS font symbols
 (C:\Users\isiva\AppData\Local\Programs\MiKTeX\tex/latex/amsfonts\amsfonts.sty
Package: amsfonts 2013/01/14 v3.01 Basic AMSFonts support
\symAMSa=\mathgroup4
\symAMSb=\mathgroup5
LaTeX Font Info:    Redeclaring math symbol \hbar on input line 98.
LaTeX Font Info:    Overwriting math alphabet `\mathfrak' in version `bold'
(Font)                  U/euf/m/n --> U/euf/b/n on input line 106.
)) (C:\Users\isiva\AppData\Local\Programs\MiKTeX\tex/latex/fancyhdr\fancyhdr.sty
Package: fancyhdr 2025/02/07 v5.2 Extensive control of page headers and footers
\f@nch@headwidth=\skip54
\f@nch@offset@elh=\skip55
\f@nch@offset@erh=\skip56
\f@nch@offset@olh=\skip57
\f@nch@offset@orh=\skip58
\f@nch@offset@elf=\skip59
\f@nch@offset@erf=\skip60
\f@nch@offset@olf=\skip61
\f@nch@offset@orf=\skip62
\f@nch@height=\skip63
\f@nch@footalignment=\skip64
\f@nch@widthL=\skip65
\f@nch@widthC=\skip66
\f@nch@widthR=\skip67
\@temptokenb=\toks23
) (C:\Users\isiva\AppData\Local\Programs\MiKTeX\tex/latex/listings\listings.sty (C:\Users\isiva\AppData\Local\Programs\MiKTeX\tex/latex/graphics\keyval.sty
Package: keyval 2022/05/29 v1.15 key=value parser (DPC)
\KV@toks@=\toks24
)
\lst@mode=\count286
\lst@gtempboxa=\box54
\lst@token=\toks25
\lst@length=\count287
\lst@currlwidth=\dimen152
\lst@column=\count288
\lst@pos=\count289
\lst@lostspace=\dimen153
\lst@width=\dimen154
\lst@newlines=\count290
\lst@lineno=\count291
\lst@maxwidth=\dimen155
 (C:\Users\isiva\AppData\Local\Programs\MiKTeX\tex/latex/listings\lstpatch.sty
File: lstpatch.sty 2024/09/23 1.10c (Carsten Heinz)
) (C:\Users\isiva\AppData\Local\Programs\MiKTeX\tex/latex/listings\lstmisc.sty
File: lstmisc.sty 2024/09/23 1.10c (Carsten Heinz)
\c@lstnumber=\count292
\lst@skipnumbers=\count293
\lst@framebox=\box55
) (C:\Users\isiva\AppData\Local\Programs\MiKTeX\tex/latex/listings\listings.cfg
File: listings.cfg 2024/09/23 1.10c listings configuration
))
Package: listings 2024/09/23 1.10c (Carsten Heinz)
 (C:\Users\isiva\AppData\Local\Programs\MiKTeX\tex/latex/hyperref\hyperref.sty
Package: hyperref 2024-11-05 v7.01l Hypertext links for LaTeX
 (C:\Users\isiva\AppData\Local\Programs\MiKTeX\tex/generic/iftex\iftex.sty
Package: iftex 2024/12/12 v1.0g TeX engine tests
) (C:\Users\isiva\AppData\Local\Programs\MiKTeX\tex/latex/kvsetkeys\kvsetkeys.sty
Package: kvsetkeys 2022-10-05 v1.19 Key value parser (HO)
) (C:\Users\isiva\AppData\Local\Programs\MiKTeX\tex/generic/kvdefinekeys\kvdefinekeys.sty
Package: kvdefinekeys 2019-12-19 v1.6 Define keys (HO)
) (C:\Users\isiva\AppData\Local\Programs\MiKTeX\tex/generic/pdfescape\pdfescape.sty
Package: pdfescape 2019/12/09 v1.15 Implements pdfTeX's escape features (HO)
 (C:\Users\isiva\AppData\Local\Programs\MiKTeX\tex/generic/ltxcmds\ltxcmds.sty
Package: ltxcmds 2023-12-04 v1.26 LaTeX kernel commands for general use (HO)
) (C:\Users\isiva\AppData\Local\Programs\MiKTeX\tex/generic/pdftexcmds\pdftexcmds.sty
Package: pdftexcmds 2020-06-27 v0.33 Utility functions of pdfTeX for LuaTeX (HO)
 (C:\Users\isiva\AppData\Local\Programs\MiKTeX\tex/generic/infwarerr\infwarerr.sty
Package: infwarerr 2019/12/03 v1.5 Providing info/warning/error messages (HO)
)
Package pdftexcmds Info: \pdf@primitive is available.
Package pdftexcmds Info: \pdf@ifprimitive is available.
Package pdftexcmds Info: \pdfdraftmode found.
)) (C:\Users\isiva\AppData\Local\Programs\MiKTeX\tex/latex/hycolor\hycolor.sty
Package: hycolor 2020-01-27 v1.10 Color options for hyperref/bookmark (HO)
) (C:\Users\isiva\AppData\Local\Programs\MiKTeX\tex/latex/hyperref\nameref.sty
Package: nameref 2023-11-26 v2.56 Cross-referencing by name of section
 (C:\Users\isiva\AppData\Local\Programs\MiKTeX\tex/latex/refcount\refcount.sty
Package: refcount 2019/12/15 v3.6 Data extraction from label references (HO)
) (C:\Users\isiva\AppData\Local\Programs\MiKTeX\tex/generic/gettitlestring\gettitlestring.sty
Package: gettitlestring 2019/12/15 v1.6 Cleanup title references (HO)
 (C:\Users\isiva\AppData\Local\Programs\MiKTeX\tex/latex/kvoptions\kvoptions.sty
Package: kvoptions 2022-06-15 v3.15 Key value format for package options (HO)
))
\c@section@level=\count294
) (C:\Users\isiva\AppData\Local\Programs\MiKTeX\tex/latex/etoolbox\etoolbox.sty
Package: etoolbox 2025/02/11 v2.5l e-TeX tools for LaTeX (JAW)
\etb@tempcnta=\count295
) (C:\Users\isiva\AppData\Local\Programs\MiKTeX\tex/generic/stringenc\stringenc.sty
Package: stringenc 2019/11/29 v1.12 Convert strings between diff. encodings (HO)
)
\@linkdim=\dimen156
\Hy@linkcounter=\count296
\Hy@pagecounter=\count297
 (C:\Users\isiva\AppData\Local\Programs\MiKTeX\tex/latex/hyperref\pd1enc.def
File: pd1enc.def 2024-11-05 v7.01l Hyperref: PDFDocEncoding definition (HO)
Now handling font encoding PD1 ...
... no UTF-8 mapping file for font encoding PD1
) (C:\Users\isiva\AppData\Local\Programs\MiKTeX\tex/generic/intcalc\intcalc.sty
Package: intcalc 2019/12/15 v1.3 Expandable calculations with integers (HO)
)
\Hy@SavedSpaceFactor=\count298
 (C:\Users\isiva\AppData\Local\Programs\MiKTeX\tex/latex/hyperref\puenc.def
File: puenc.def 2024-11-05 v7.01l Hyperref: PDF Unicode definition (HO)
Now handling font encoding PU ...
... no UTF-8 mapping file for font encoding PU
)
Package hyperref Info: Hyper figures OFF on input line 4157.
Package hyperref Info: Link nesting OFF on input line 4162.
Package hyperref Info: Hyper index ON on input line 4165.
Package hyperref Info: Plain pages OFF on input line 4172.
Package hyperref Info: Backreferencing OFF on input line 4177.
Package hyperref Info: Implicit mode ON; LaTeX internals redefined.
Package hyperref Info: Bookmarks ON on input line 4424.
\c@Hy@tempcnt=\count299
 (C:\Users\isiva\AppData\Local\Programs\MiKTeX\tex/latex/url\url.sty
\Urlmuskip=\muskip18
Package: url 2013/09/16  ver 3.4  Verb mode for urls, etc.
)
LaTeX Info: Redefining \url on input line 4763.
\XeTeXLinkMargin=\dimen157
 (C:\Users\isiva\AppData\Local\Programs\MiKTeX\tex/generic/bitset\bitset.sty
Package: bitset 2019/12/09 v1.3 Handle bit-vector datatype (HO)
 (C:\Users\isiva\AppData\Local\Programs\MiKTeX\tex/generic/bigintcalc\bigintcalc.sty
Package: bigintcalc 2019/12/15 v1.5 Expandable calculations on big integers (HO)
))
\Fld@menulength=\count300
\Field@Width=\dimen158
\Fld@charsize=\dimen159
Package hyperref Info: Hyper figures OFF on input line 6042.
Package hyperref Info: Link nesting OFF on input line 6047.
Package hyperref Info: Hyper index ON on input line 6050.
Package hyperref Info: backreferencing OFF on input line 6057.
Package hyperref Info: Link coloring OFF on input line 6062.
Package hyperref Info: Link coloring with OCG OFF on input line 6067.
Package hyperref Info: PDF/A mode OFF on input line 6072.
 (C:\Users\isiva\AppData\Local\Programs\MiKTeX\tex/latex/base\atbegshi-ltx.sty
Package: atbegshi-ltx 2021/01/10 v1.0c Emulation of the original atbegshi
package with kernel methods
)
\Hy@abspage=\count301
\c@Item=\count302
\c@Hfootnote=\count303
)
Package hyperref Info: Driver (autodetected): hpdftex.
 (C:\Users\isiva\AppData\Local\Programs\MiKTeX\tex/latex/hyperref\hpdftex.def
File: hpdftex.def 2024-11-05 v7.01l Hyperref driver for pdfTeX
 (C:\Users\isiva\AppData\Local\Programs\MiKTeX\tex/latex/base\atveryend-ltx.sty
Package: atveryend-ltx 2020/08/19 v1.0a Emulation of the original atveryend package
with kernel methods
)
\Fld@listcount=\count304
\c@bookmark@seq@number=\count305
 (C:\Users\isiva\AppData\Local\Programs\MiKTeX\tex/latex/rerunfilecheck\rerunfilecheck.sty
Package: rerunfilecheck 2022-07-10 v1.10 Rerun checks for auxiliary files (HO)
 (C:\Users\isiva\AppData\Local\Programs\MiKTeX\tex/generic/uniquecounter\uniquecounter.sty
Package: uniquecounter 2019/12/15 v1.4 Provide unlimited unique counter (HO)
)
Package uniquecounter Info: New unique counter `rerunfilecheck' on input line 285.
)
\Hy@SectionHShift=\skip68
) (C:\Users\isiva\AppData\Local\Programs\MiKTeX\tex/latex/graphics\graphicx.sty
Package: graphicx 2021/09/16 v1.2d Enhanced LaTeX Graphics (DPC,SPQR)
 (C:\Users\isiva\AppData\Local\Programs\MiKTeX\tex/latex/graphics\graphics.sty
Package: graphics 2024/08/06 v1.4g Standard LaTeX Graphics (DPC,SPQR)
 (C:\Users\isiva\AppData\Local\Programs\MiKTeX\tex/latex/graphics\trig.sty
Package: trig 2023/12/02 v1.11 sin cos tan (DPC)
) (C:\Users\isiva\AppData\Local\Programs\MiKTeX\tex/latex/graphics-cfg\graphics.cfg
File: graphics.cfg 2016/06/04 v1.11 sample graphics configuration
)
Package graphics Info: Driver file: pdftex.def on input line 106.
 (C:\Users\isiva\AppData\Local\Programs\MiKTeX\tex/latex/graphics-def\pdftex.def
File: pdftex.def 2024/04/13 v1.2c Graphics/color driver for pdftex
))
\Gin@req@height=\dimen160
\Gin@req@width=\dimen161
) (C:\Users\isiva\AppData\Local\Programs\MiKTeX\tex/latex/pgf/frontendlayer\tikz.sty (C:\Users\isiva\AppData\Local\Programs\MiKTeX\tex/latex/pgf/basiclayer\pgf.sty (C:\Users\isiva\AppData\Local\Programs\MiKTeX\tex/latex/pgf/utilities\pgfrcs.sty (C:\Users\isiva\AppData\Local\Programs\MiKTeX\tex/generic/pgf/utilities\pgfutil-common.tex
\pgfutil@everybye=\toks26
\pgfutil@tempdima=\dimen162
\pgfutil@tempdimb=\dimen163
) (C:\Users\isiva\AppData\Local\Programs\MiKTeX\tex/generic/pgf/utilities\pgfutil-latex.def
\pgfutil@abb=\box56
) (C:\Users\isiva\AppData\Local\Programs\MiKTeX\tex/generic/pgf/utilities\pgfrcs.code.tex (C:\Users\isiva\AppData\Local\Programs\MiKTeX\tex/generic/pgf\pgf.revision.tex)
Package: pgfrcs 2023-01-15 v3.1.10 (3.1.10)
))
Package: pgf 2023-01-15 v3.1.10 (3.1.10)
 (C:\Users\isiva\AppData\Local\Programs\MiKTeX\tex/latex/pgf/basiclayer\pgfcore.sty (C:\Users\isiva\AppData\Local\Programs\MiKTeX\tex/latex/pgf/systemlayer\pgfsys.sty (C:\Users\isiva\AppData\Local\Programs\MiKTeX\tex/generic/pgf/systemlayer\pgfsys.code.tex
Package: pgfsys 2023-01-15 v3.1.10 (3.1.10)
 (C:\Users\isiva\AppData\Local\Programs\MiKTeX\tex/generic/pgf/utilities\pgfkeys.code.tex
\pgfkeys@pathtoks=\toks27
\pgfkeys@temptoks=\toks28
 (C:\Users\isiva\AppData\Local\Programs\MiKTeX\tex/generic/pgf/utilities\pgfkeyslibraryfiltered.code.tex
\pgfkeys@tmptoks=\toks29
))
\pgf@x=\dimen164
\pgf@y=\dimen165
\pgf@xa=\dimen166
\pgf@ya=\dimen167
\pgf@xb=\dimen168
\pgf@yb=\dimen169
\pgf@xc=\dimen170
\pgf@yc=\dimen171
\pgf@xd=\dimen172
\pgf@yd=\dimen173
\w@pgf@writea=\write3
\r@pgf@reada=\read3
\c@pgf@counta=\count306
\c@pgf@countb=\count307
\c@pgf@countc=\count308
\c@pgf@countd=\count309
\t@pgf@toka=\toks30
\t@pgf@tokb=\toks31
\t@pgf@tokc=\toks32
\pgf@sys@id@count=\count310
 (C:\Users\isiva\AppData\Local\Programs\MiKTeX\tex/generic/pgf/systemlayer\pgf.cfg
File: pgf.cfg 2023-01-15 v3.1.10 (3.1.10)
)
Driver file for pgf: pgfsys-pdftex.def
 (C:\Users\isiva\AppData\Local\Programs\MiKTeX\tex/generic/pgf/systemlayer\pgfsys-pdftex.def
File: pgfsys-pdftex.def 2023-01-15 v3.1.10 (3.1.10)
 (C:\Users\isiva\AppData\Local\Programs\MiKTeX\tex/generic/pgf/systemlayer\pgfsys-common-pdf.def
File: pgfsys-common-pdf.def 2023-01-15 v3.1.10 (3.1.10)
))) (C:\Users\isiva\AppData\Local\Programs\MiKTeX\tex/generic/pgf/systemlayer\pgfsyssoftpath.code.tex
File: pgfsyssoftpath.code.tex 2023-01-15 v3.1.10 (3.1.10)
\pgfsyssoftpath@smallbuffer@items=\count311
\pgfsyssoftpath@bigbuffer@items=\count312
) (C:\Users\isiva\AppData\Local\Programs\MiKTeX\tex/generic/pgf/systemlayer\pgfsysprotocol.code.tex
File: pgfsysprotocol.code.tex 2023-01-15 v3.1.10 (3.1.10)
)) (C:\Users\isiva\AppData\Local\Programs\MiKTeX\tex/latex/xcolor\xcolor.sty
Package: xcolor 2024/09/29 v3.02 LaTeX color extensions (UK)
 (C:\Users\isiva\AppData\Local\Programs\MiKTeX\tex/latex/graphics-cfg\color.cfg
File: color.cfg 2016/01/02 v1.6 sample color configuration
)
Package xcolor Info: Driver file: pdftex.def on input line 274.
 (C:\Users\isiva\AppData\Local\Programs\MiKTeX\tex/latex/graphics\mathcolor.ltx)
Package xcolor Info: Model `cmy' substituted by `cmy0' on input line 1349.
Package xcolor Info: Model `hsb' substituted by `rgb' on input line 1353.
Package xcolor Info: Model `RGB' extended on input line 1365.
Package xcolor Info: Model `HTML' substituted by `rgb' on input line 1367.
Package xcolor Info: Model `Hsb' substituted by `hsb' on input line 1368.
Package xcolor Info: Model `tHsb' substituted by `hsb' on input line 1369.
Package xcolor Info: Model `HSB' substituted by `hsb' on input line 1370.
Package xcolor Info: Model `Gray' substituted by `gray' on input line 1371.
Package xcolor Info: Model `wave' substituted by `hsb' on input line 1372.
) (C:\Users\isiva\AppData\Local\Programs\MiKTeX\tex/generic/pgf/basiclayer\pgfcore.code.tex
Package: pgfcore 2023-01-15 v3.1.10 (3.1.10)
 (C:\Users\isiva\AppData\Local\Programs\MiKTeX\tex/generic/pgf/math\pgfmath.code.tex (C:\Users\isiva\AppData\Local\Programs\MiKTeX\tex/generic/pgf/math\pgfmathutil.code.tex) (C:\Users\isiva\AppData\Local\Programs\MiKTeX\tex/generic/pgf/math\pgfmathparser.code.tex
\pgfmath@dimen=\dimen174
\pgfmath@count=\count313
\pgfmath@box=\box57
\pgfmath@toks=\toks33
\pgfmath@stack@operand=\toks34
\pgfmath@stack@operation=\toks35
) (C:\Users\isiva\AppData\Local\Programs\MiKTeX\tex/generic/pgf/math\pgfmathfunctions.code.tex) (C:\Users\isiva\AppData\Local\Programs\MiKTeX\tex/generic/pgf/math\pgfmathfunctions.basic.code.tex) (C:\Users\isiva\AppData\Local\Programs\MiKTeX\tex/generic/pgf/math\pgfmathfunctions.trigonometric.code.tex) (C:\Users\isiva\AppData\Local\Programs\MiKTeX\tex/generic/pgf/math\pgfmathfunctions.random.code.tex) (C:\Users\isiva\AppData\Local\Programs\MiKTeX\tex/generic/pgf/math\pgfmathfunctions.comparison.code.tex) (C:\Users\isiva\AppData\Local\Programs\MiKTeX\tex/generic/pgf/math\pgfmathfunctions.base.code.tex) (C:\Users\isiva\AppData\Local\Programs\MiKTeX\tex/generic/pgf/math\pgfmathfunctions.round.code.tex) (C:\Users\isiva\AppData\Local\Programs\MiKTeX\tex/generic/pgf/math\pgfmathfunctions.misc.code.tex) (C:\Users\isiva\AppData\Local\Programs\MiKTeX\tex/generic/pgf/math\pgfmathfunctions.integerarithmetics.code.tex) (C:\Users\isiva\AppData\Local\Programs\MiKTeX\tex/generic/pgf/math\pgfmathcalc.code.tex) (C:\Users\isiva\AppData\Local\Programs\MiKTeX\tex/generic/pgf/math\pgfmathfloat.code.tex
\c@pgfmathroundto@lastzeros=\count314
)) (C:\Users\isiva\AppData\Local\Programs\MiKTeX\tex/generic/pgf/math\pgfint.code.tex) (C:\Users\isiva\AppData\Local\Programs\MiKTeX\tex/generic/pgf/basiclayer\pgfcorepoints.code.tex
File: pgfcorepoints.code.tex 2023-01-15 v3.1.10 (3.1.10)
\pgf@picminx=\dimen175
\pgf@picmaxx=\dimen176
\pgf@picminy=\dimen177
\pgf@picmaxy=\dimen178
\pgf@pathminx=\dimen179
\pgf@pathmaxx=\dimen180
\pgf@pathminy=\dimen181
\pgf@pathmaxy=\dimen182
\pgf@xx=\dimen183
\pgf@xy=\dimen184
\pgf@yx=\dimen185
\pgf@yy=\dimen186
\pgf@zx=\dimen187
\pgf@zy=\dimen188
) (C:\Users\isiva\AppData\Local\Programs\MiKTeX\tex/generic/pgf/basiclayer\pgfcorepathconstruct.code.tex
File: pgfcorepathconstruct.code.tex 2023-01-15 v3.1.10 (3.1.10)
\pgf@path@lastx=\dimen189
\pgf@path@lasty=\dimen190
) (C:\Users\isiva\AppData\Local\Programs\MiKTeX\tex/generic/pgf/basiclayer\pgfcorepathusage.code.tex
File: pgfcorepathusage.code.tex 2023-01-15 v3.1.10 (3.1.10)
\pgf@shorten@end@additional=\dimen191
\pgf@shorten@start@additional=\dimen192
) (C:\Users\isiva\AppData\Local\Programs\MiKTeX\tex/generic/pgf/basiclayer\pgfcorescopes.code.tex
File: pgfcorescopes.code.tex 2023-01-15 v3.1.10 (3.1.10)
\pgfpic=\box58
\pgf@hbox=\box59
\pgf@layerbox@main=\box60
\pgf@picture@serial@count=\count315
) (C:\Users\isiva\AppData\Local\Programs\MiKTeX\tex/generic/pgf/basiclayer\pgfcoregraphicstate.code.tex
File: pgfcoregraphicstate.code.tex 2023-01-15 v3.1.10 (3.1.10)
\pgflinewidth=\dimen193
) (C:\Users\isiva\AppData\Local\Programs\MiKTeX\tex/generic/pgf/basiclayer\pgfcoretransformations.code.tex
File: pgfcoretransformations.code.tex 2023-01-15 v3.1.10 (3.1.10)
\pgf@pt@x=\dimen194
\pgf@pt@y=\dimen195
\pgf@pt@temp=\dimen196
) (C:\Users\isiva\AppData\Local\Programs\MiKTeX\tex/generic/pgf/basiclayer\pgfcorequick.code.tex
File: pgfcorequick.code.tex 2023-01-15 v3.1.10 (3.1.10)
) (C:\Users\isiva\AppData\Local\Programs\MiKTeX\tex/generic/pgf/basiclayer\pgfcoreobjects.code.tex
File: pgfcoreobjects.code.tex 2023-01-15 v3.1.10 (3.1.10)
) (C:\Users\isiva\AppData\Local\Programs\MiKTeX\tex/generic/pgf/basiclayer\pgfcorepathprocessing.code.tex
File: pgfcorepathprocessing.code.tex 2023-01-15 v3.1.10 (3.1.10)
) (C:\Users\isiva\AppData\Local\Programs\MiKTeX\tex/generic/pgf/basiclayer\pgfcorearrows.code.tex
File: pgfcorearrows.code.tex 2023-01-15 v3.1.10 (3.1.10)
\pgfarrowsep=\dimen197
) (C:\Users\isiva\AppData\Local\Programs\MiKTeX\tex/generic/pgf/basiclayer\pgfcoreshade.code.tex
File: pgfcoreshade.code.tex 2023-01-15 v3.1.10 (3.1.10)
\pgf@max=\dimen198
\pgf@sys@shading@range@num=\count316
\pgf@shadingcount=\count317
) (C:\Users\isiva\AppData\Local\Programs\MiKTeX\tex/generic/pgf/basiclayer\pgfcoreimage.code.tex
File: pgfcoreimage.code.tex 2023-01-15 v3.1.10 (3.1.10)
) (C:\Users\isiva\AppData\Local\Programs\MiKTeX\tex/generic/pgf/basiclayer\pgfcoreexternal.code.tex
File: pgfcoreexternal.code.tex 2023-01-15 v3.1.10 (3.1.10)
\pgfexternal@startupbox=\box61
) (C:\Users\isiva\AppData\Local\Programs\MiKTeX\tex/generic/pgf/basiclayer\pgfcorelayers.code.tex
File: pgfcorelayers.code.tex 2023-01-15 v3.1.10 (3.1.10)
) (C:\Users\isiva\AppData\Local\Programs\MiKTeX\tex/generic/pgf/basiclayer\pgfcoretransparency.code.tex
File: pgfcoretransparency.code.tex 2023-01-15 v3.1.10 (3.1.10)
) (C:\Users\isiva\AppData\Local\Programs\MiKTeX\tex/generic/pgf/basiclayer\pgfcorepatterns.code.tex
File: pgfcorepatterns.code.tex 2023-01-15 v3.1.10 (3.1.10)
) (C:\Users\isiva\AppData\Local\Programs\MiKTeX\tex/generic/pgf/basiclayer\pgfcorerdf.code.tex
File: pgfcorerdf.code.tex 2023-01-15 v3.1.10 (3.1.10)
))) (C:\Users\isiva\AppData\Local\Programs\MiKTeX\tex/generic/pgf/modules\pgfmoduleshapes.code.tex
File: pgfmoduleshapes.code.tex 2023-01-15 v3.1.10 (3.1.10)
\pgfnodeparttextbox=\box62
) (C:\Users\isiva\AppData\Local\Programs\MiKTeX\tex/generic/pgf/modules\pgfmoduleplot.code.tex
File: pgfmoduleplot.code.tex 2023-01-15 v3.1.10 (3.1.10)
) (C:\Users\isiva\AppData\Local\Programs\MiKTeX\tex/latex/pgf/compatibility\pgfcomp-version-0-65.sty
Package: pgfcomp-version-0-65 2023-01-15 v3.1.10 (3.1.10)
\pgf@nodesepstart=\dimen199
\pgf@nodesepend=\dimen256
) (C:\Users\isiva\AppData\Local\Programs\MiKTeX\tex/latex/pgf/compatibility\pgfcomp-version-1-18.sty
Package: pgfcomp-version-1-18 2023-01-15 v3.1.10 (3.1.10)
)) (C:\Users\isiva\AppData\Local\Programs\MiKTeX\tex/latex/pgf/utilities\pgffor.sty (C:\Users\isiva\AppData\Local\Programs\MiKTeX\tex/latex/pgf/utilities\pgfkeys.sty (C:\Users\isiva\AppData\Local\Programs\MiKTeX\tex/generic/pgf/utilities\pgfkeys.code.tex)) (C:\Users\isiva\AppData\Local\Programs\MiKTeX\tex/latex/pgf/math\pgfmath.sty (C:\Users\isiva\AppData\Local\Programs\MiKTeX\tex/generic/pgf/math\pgfmath.code.tex)) (C:\Users\isiva\AppData\Local\Programs\MiKTeX\tex/generic/pgf/utilities\pgffor.code.tex
Package: pgffor 2023-01-15 v3.1.10 (3.1.10)
\pgffor@iter=\dimen257
\pgffor@skip=\dimen258
\pgffor@stack=\toks36
\pgffor@toks=\toks37
)) (C:\Users\isiva\AppData\Local\Programs\MiKTeX\tex/generic/pgf/frontendlayer/tikz\tikz.code.tex
Package: tikz 2023-01-15 v3.1.10 (3.1.10)
 (C:\Users\isiva\AppData\Local\Programs\MiKTeX\tex/generic/pgf/libraries\pgflibraryplothandlers.code.tex
File: pgflibraryplothandlers.code.tex 2023-01-15 v3.1.10 (3.1.10)
\pgf@plot@mark@count=\count318
\pgfplotmarksize=\dimen259
)
\tikz@lastx=\dimen260
\tikz@lasty=\dimen261
\tikz@lastxsaved=\dimen262
\tikz@lastysaved=\dimen263
\tikz@lastmovetox=\dimen264
\tikz@lastmovetoy=\dimen265
\tikzleveldistance=\dimen266
\tikzsiblingdistance=\dimen267
\tikz@figbox=\box63
\tikz@figbox@bg=\box64
\tikz@tempbox=\box65
\tikz@tempbox@bg=\box66
\tikztreelevel=\count319
\tikznumberofchildren=\count320
\tikznumberofcurrentchild=\count321
\tikz@fig@count=\count322
 (C:\Users\isiva\AppData\Local\Programs\MiKTeX\tex/generic/pgf/modules\pgfmodulematrix.code.tex
File: pgfmodulematrix.code.tex 2023-01-15 v3.1.10 (3.1.10)
\pgfmatrixcurrentrow=\count323
\pgfmatrixcurrentcolumn=\count324
\pgf@matrix@numberofcolumns=\count325
)
\tikz@expandcount=\count326
 (C:\Users\isiva\AppData\Local\Programs\MiKTeX\tex/generic/pgf/frontendlayer/tikz/libraries\tikzlibrarytopaths.code.tex
File: tikzlibrarytopaths.code.tex 2023-01-15 v3.1.10 (3.1.10)
))) (C:\Users\isiva\AppData\Local\Programs\MiKTeX\tex/latex/framed\framed.sty
Package: framed 2011/10/22 v 0.96: framed or shaded text with page breaks
\OuterFrameSep=\skip69
\fb@frw=\dimen268
\fb@frh=\dimen269
\FrameRule=\dimen270
\FrameSep=\dimen271
) (C:\Users\isiva\AppData\Local\Programs\MiKTeX\tex/latex/geometry\geometry.sty
Package: geometry 2020/01/02 v5.9 Page Geometry
 (C:\Users\isiva\AppData\Local\Programs\MiKTeX\tex/generic/iftex\ifvtex.sty
Package: ifvtex 2019/10/25 v1.7 ifvtex legacy package. Use iftex instead.
)
\Gm@cnth=\count327
\Gm@cntv=\count328
\c@Gm@tempcnt=\count329
\Gm@bindingoffset=\dimen272
\Gm@wd@mp=\dimen273
\Gm@odd@mp=\dimen274
\Gm@even@mp=\dimen275
\Gm@layoutwidth=\dimen276
\Gm@layoutheight=\dimen277
\Gm@layouthoffset=\dimen278
\Gm@layoutvoffset=\dimen279
\Gm@dimlist=\toks38

(C:\Users\isiva\AppData\Local\Programs\MiKTeX\tex/latex/geometry\geometry.cfg)) (C:\Users\isiva\AppData\Local\Programs\MiKTeX\tex/generic/soul\soul.sty
Package: soul 2023-06-14 v3.1 Permit use of UTF-8 characters in soul (HO)
 (C:\Users\isiva\AppData\Local\Programs\MiKTeX\tex/generic/soul\soul-ori.sty
Package: soul-ori 2023-06-14 v3.1 letterspacing/underlining (mf)
\SOUL@word=\toks39
\SOUL@lasttoken=\toks40
\SOUL@syllable=\toks41
\SOUL@cmds=\toks42
\SOUL@buffer=\toks43
\SOUL@token=\toks44
\SOUL@syllgoal=\dimen280
\SOUL@syllwidth=\dimen281
\SOUL@charkern=\dimen282
\SOUL@hyphkern=\dimen283
\SOUL@dimen=\dimen284
\SOUL@dimeni=\dimen285
\SOUL@minus=\count330
\SOUL@comma=\count331
\SOUL@apo=\count332
\SOUL@grave=\count333
\SOUL@spaceskip=\skip70
\SOUL@ttwidth=\dimen286
\SOUL@uldp=\dimen287
\SOUL@ulht=\dimen288
) (C:\Users\isiva\AppData\Local\Programs\MiKTeX\tex/generic/etexcmds\etexcmds.sty
Package: etexcmds 2019/12/15 v1.7 Avoid name clashes with e-TeX commands (HO)
)) (C:\Users\isiva\AppData\Local\Programs\MiKTeX\tex/latex/bold-extra\bold-extra.sty
Package: bold-extra 2001/11/13 v0.1 Use fonts from cm/mf-extra/bold
) (C:\Users\isiva\AppData\Local\Programs\MiKTeX\tex/latex/ragged2e\ragged2e.sty
Package: ragged2e 2023/06/22 v3.6 ragged2e Package
\CenteringLeftskip=\skip71
\RaggedLeftLeftskip=\skip72
\RaggedRightLeftskip=\skip73
\CenteringRightskip=\skip74
\RaggedLeftRightskip=\skip75
\RaggedRightRightskip=\skip76
\CenteringParfillskip=\skip77
\RaggedLeftParfillskip=\skip78
\RaggedRightParfillskip=\skip79
\JustifyingParfillskip=\skip80
\CenteringParindent=\skip81
\RaggedLeftParindent=\skip82
\RaggedRightParindent=\skip83
\JustifyingParindent=\skip84
) (C:\Users\isiva\AppData\Local\Programs\MiKTeX\tex/latex/base\inputenc.sty
Package: inputenc 2024/02/08 v1.3d Input encoding file
\inpenc@prehook=\toks45
\inpenc@posthook=\toks46
)

Package geometry Warning: Over-specification in `h'-direction.
    `width' (455.24408pt) is ignored.


Package geometry Warning: Over-specification in `v'-direction.
    `height' (725.54527pt) is ignored.

\ancho=\skip85

Package hyperref Warning: Option `bookmarks' has already been used,
(hyperref)                setting the option has no effect on input line 86.

Package hyperref Info: Option `bookmarksnumbered' set `true' on input line 86.
Package hyperref Info: Option `colorlinks' set `true' on input line 86.
Package hyperref Info: Option `pdffitwindow' set `true' on input line 86.
Package hyperref Info: Option `colorlinks' set `true' on input line 337.
(C:\Users\isiva\AppData\Local\Programs\MiKTeX\tex/latex/listings\lstlang1.sty
File: lstlang1.sty 2024/09/23 1.10c listings language file
) (C:\Users\isiva\AppData\Local\Programs\MiKTeX\tex/latex/listings\lstlang2.sty
File: lstlang2.sty 2024/09/23 1.10c listings language file
) (C:\Users\isiva\AppData\Local\Programs\MiKTeX\tex/latex/listings\lstlang3.sty
File: lstlang3.sty 2024/09/23 1.10c listings language file
) (C:\Users\isiva\AppData\Local\Programs\MiKTeX\tex/latex/listings\lstmisc.sty
File: lstmisc.sty 2024/09/23 1.10c (Carsten Heinz)
)) (C:\Users\isiva\AppData\Local\Programs\MiKTeX\tex/latex/float\float.sty
Package: float 2001/11/08 v1.3d Float enhancements (AL)
\c@float@type=\count334
\float@exts=\toks47
\float@box=\box67
\@float@everytoks=\toks48
\@floatcapt=\box68
) (C:\Users\isiva\AppData\Local\Programs\MiKTeX\tex/latex/colortbl\colortbl.sty
Package: colortbl 2024/07/06 v1.0i Color table columns (DPC)
 (C:\Users\isiva\AppData\Local\Programs\MiKTeX\tex/latex/tools\array.sty
Package: array 2024/10/17 v2.6g Tabular extension package (FMi)
\col@sep=\dimen289
\ar@mcellbox=\box69
\extrarowheight=\dimen290
\NC@list=\toks49
\extratabsurround=\skip86
\backup@length=\skip87
\ar@cellbox=\box70
)
\everycr=\toks50
\minrowclearance=\skip88
\rownum=\count335
) (C:\Users\isiva\AppData\Local\Programs\MiKTeX\tex/latex/tools\tabularx.sty
Package: tabularx 2023/12/11 v2.12a `tabularx' package (DPC)
\TX@col@width=\dimen291
\TX@old@table=\dimen292
\TX@old@col=\dimen293
\TX@target=\dimen294
\TX@delta=\dimen295
\TX@cols=\count336
\TX@ftn=\toks51
) (C:\Users\isiva\AppData\Local\Programs\MiKTeX\tex/latex/titlesec\titlesec.sty
Package: titlesec 2025/01/04 v2.17 Sectioning titles
\ttl@box=\box71
\beforetitleunit=\skip89
\aftertitleunit=\skip90
\ttl@plus=\dimen296
\ttl@minus=\dimen297
\ttl@toksa=\toks52
\titlewidth=\dimen298
\titlewidthlast=\dimen299
\titlewidthfirst=\dimen300
) (C:\Users\isiva\AppData\Local\Programs\MiKTeX\tex/latex/eurosym\eurosym.sty
Package: eurosym 1998/08/06 v1.1 European currency symbol ``Euro''
\@eurobox=\box72
) (C:\Users\isiva\AppData\Local\Programs\MiKTeX\tex/latex/pgfgantt\pgfgantt.sty
Package: pgfgantt 2024/06/19 v5.0a Draw Gantt diagrams with TikZ
 (C:\Users\isiva\AppData\Local\Programs\MiKTeX\tex/generic/pgf/frontendlayer/tikz/libraries\tikzlibraryarrows.code.tex
File: tikzlibraryarrows.code.tex 2023-01-15 v3.1.10 (3.1.10)
 (C:\Users\isiva\AppData\Local\Programs\MiKTeX\tex/generic/pgf/libraries\pgflibraryarrows.code.tex
File: pgflibraryarrows.code.tex 2023-01-15 v3.1.10 (3.1.10)
\arrowsize=\dimen301
)) (C:\Users\isiva\AppData\Local\Programs\MiKTeX\tex/generic/pgf/frontendlayer/tikz/libraries\tikzlibrarybackgrounds.code.tex
File: tikzlibrarybackgrounds.code.tex 2023-01-15 v3.1.10 (3.1.10)
\pgf@layerbox@background=\box73
\pgf@layerboxsaved@background=\box74
) (C:\Users\isiva\AppData\Local\Programs\MiKTeX\tex/generic/pgf/frontendlayer/tikz/libraries\tikzlibrarycalc.code.tex
File: tikzlibrarycalc.code.tex 2023-01-15 v3.1.10 (3.1.10)
) (C:\Users\isiva\AppData\Local\Programs\MiKTeX\tex/generic/pgf/frontendlayer/tikz/libraries\tikzlibrarypatterns.code.tex
File: tikzlibrarypatterns.code.tex 2023-01-15 v3.1.10 (3.1.10)
 (C:\Users\isiva\AppData\Local\Programs\MiKTeX\tex/generic/pgf/libraries\pgflibrarypatterns.code.tex
File: pgflibrarypatterns.code.tex 2023-01-15 v3.1.10 (3.1.10)
)) (C:\Users\isiva\AppData\Local\Programs\MiKTeX\tex/generic/pgf/frontendlayer/tikz/libraries\tikzlibrarypositioning.code.tex
File: tikzlibrarypositioning.code.tex 2023-01-15 v3.1.10 (3.1.10)
) (C:\Users\isiva\AppData\Local\Programs\MiKTeX\tex/generic/pgf/frontendlayer/tikz/libraries\tikzlibraryshapes.geometric.code.tex
File: tikzlibraryshapes.geometric.code.tex 2023-01-15 v3.1.10 (3.1.10)
 (C:\Users\isiva\AppData\Local\Programs\MiKTeX\tex/generic/pgf/libraries/shapes\pgflibraryshapes.geometric.code.tex
File: pgflibraryshapes.geometric.code.tex 2023-01-15 v3.1.10 (3.1.10)
)) (C:\Users\isiva\AppData\Local\Programs\MiKTeX\tex/latex/pgf/utilities\pgfcalendar.sty (C:\Users\isiva\AppData\Local\Programs\MiKTeX\tex/generic/pgf/utilities\pgfcalendar.code.tex
File: pgfcalendar.code.tex 2023-01-15 v3.1.10 (3.1.10)
\pgfcalendarcurrentjulian=\count337
\pgf@cal@easter@Y=\count338
\pgf@cal@easter@G=\count339
\pgf@cal@easter@C=\count340
\pgf@cal@easter@X=\count341
\pgf@cal@easter@Z=\count342
\pgf@cal@easter@D=\count343
\pgf@cal@easter@E=\count344
\pgf@cal@easter@N=\count345
\pgf@cal@easter@M=\count346
\pgf@cal@easter@julianday=\count347
))
\gtt@currentline=\count348
\gtt@lasttitleline=\count349
\gtt@currgrid=\count350
\gtt@chartwidth=\count351
\gtt@lasttitleslot=\count352
\gtt@elementid=\count353
\gtt@today@slot=\count354
\gtt@startjulian=\count355
\gtt@endjulian=\count356
\gtt@chartid=\count357
\gtt@vrule@slot=\count358
\gtt@calendar@slots=\count359
\gtt@calendar@weeknumber=\count360
\gtt@calendar@startofweek=\count361
\gtt@left@slot=\count362
\gtt@right@slot=\count363
) (C:\Users\isiva\AppData\Local\Programs\MiKTeX\tex/latex/pdflscape\pdflscape.sty
Package: pdflscape 2022-10-27 v0.13 Display of landscape pages in PDF
 (C:\Users\isiva\AppData\Local\Programs\MiKTeX\tex/latex/pdflscape\pdflscape-nometadata.sty
Package: pdflscape-nometadata 2022-10-28 v0.13 Display of landscape pages in PDF (HO)
 (C:\Users\isiva\AppData\Local\Programs\MiKTeX\tex/latex/graphics\lscape.sty
Package: lscape 2020/05/28 v3.02 Landscape Pages (DPC)
)
Package pdflscape Info: Auto-detected driver: pdftex on input line 81.
)) (C:\Users\isiva\AppData\Local\Programs\MiKTeX\tex/latex/graphics\rotating.sty
Package: rotating 2016/08/11 v2.16d rotated objects in LaTeX
 (C:\Users\isiva\AppData\Local\Programs\MiKTeX\tex/latex/base\ifthen.sty
Package: ifthen 2024/03/16 v1.1e Standard LaTeX ifthen package (DPC)
)
\c@r@tfl@t=\count364
\rotFPtop=\skip91
\rotFPbot=\skip92
\rot@float@box=\box75
\rot@mess@toks=\toks53
) (C:\Users\isiva\AppData\Local\Programs\MiKTeX\tex/latex/caption\caption.sty
Package: caption 2023/08/05 v3.6o Customizing captions (AR)
 (C:\Users\isiva\AppData\Local\Programs\MiKTeX\tex/latex/caption\caption3.sty
Package: caption3 2023/07/31 v2.4d caption3 kernel (AR)
\caption@tempdima=\dimen302
\captionmargin=\dimen303
\caption@leftmargin=\dimen304
\caption@rightmargin=\dimen305
\caption@width=\dimen306
\caption@indent=\dimen307
\caption@parindent=\dimen308
\caption@hangindent=\dimen309
Package caption Info: Standard document class detected.
)
\c@caption@flags=\count365
\c@continuedfloat=\count366
Package caption Info: float package is loaded.
Package caption Info: hyperref package is loaded.
Package caption Info: listings package is loaded.
Package caption Info: rotating package is loaded.
) (C:\Users\isiva\AppData\Local\Programs\MiKTeX\tex/latex/capt-of\capt-of.sty
Package: capt-of 2009/12/29 v0.2 standard captions outside of floats
) (C:\Users\isiva\AppData\Local\Programs\MiKTeX\tex/latex/multirow\multirow.sty
Package: multirow 2024/11/12 v2.9 Span multiple rows of a table
\multirow@colwidth=\skip93
\multirow@cntb=\count367
\multirow@dima=\skip94
\bigstrutjot=\dimen310
) (C:\Users\isiva\AppData\Local\Programs\MiKTeX\tex/latex/pgfplots\pgfplots.sty (C:\Users\isiva\AppData\Local\Programs\MiKTeX\tex/generic/pgfplots\pgfplots.revision.tex)
Package: pgfplots 2021/05/15 v1.18.1 Data Visualization (1.18.1)
 (C:\Users\isiva\AppData\Local\Programs\MiKTeX\tex/generic/pgfplots\pgfplots.code.tex (C:\Users\isiva\AppData\Local\Programs\MiKTeX\tex/generic/pgfplots\pgfplotscore.code.tex
\t@pgfplots@toka=\toks54
\t@pgfplots@tokb=\toks55
\t@pgfplots@tokc=\toks56
\pgfplots@tmpa=\dimen311
\c@pgfplots@coordindex=\count368
\c@pgfplots@scanlineindex=\count369
 (C:\Users\isiva\AppData\Local\Programs\MiKTeX\tex/generic/pgfplots/sys\pgfplotssysgeneric.code.tex)) (C:\Users\isiva\AppData\Local\Programs\MiKTeX\tex/generic/pgfplots/libs\pgfplotslibrary.code.tex) (C:\Users\isiva\AppData\Local\Programs\MiKTeX\tex/generic/pgfplots/oldpgfcompatib\pgfplotsoldpgfsupp_loader.code.tex (C:\Users\isiva\AppData\Local\Programs\MiKTeX\tex/generic/pgf/libraries\pgflibraryfpu.code.tex)
Package pgfplots: loading complementary utilities for your pgf version...
\t@pgf@toka=\toks57
\t@pgf@tokb=\toks58
\t@pgf@tokc=\toks59
(C:\Users\isiva\AppData\Local\Programs\MiKTeX\tex/generic/pgfplots/oldpgfcompatib\pgfplotsoldpgfsupp_pgfutil-common-lists.tex)) (C:\Users\isiva\AppData\Local\Programs\MiKTeX\tex/generic/pgfplots/util\pgfplotsutil.code.tex (C:\Users\isiva\AppData\Local\Programs\MiKTeX\tex/generic/pgfplots/liststructure\pgfplotsliststructure.code.tex) (C:\Users\isiva\AppData\Local\Programs\MiKTeX\tex/generic/pgfplots/liststructure\pgfplotsliststructureext.code.tex) (C:\Users\isiva\AppData\Local\Programs\MiKTeX\tex/generic/pgfplots/liststructure\pgfplotsarray.code.tex
\c@pgfplotsarray@tmp=\count370
) (C:\Users\isiva\AppData\Local\Programs\MiKTeX\tex/generic/pgfplots/liststructure\pgfplotsmatrix.code.tex) (C:\Users\isiva\AppData\Local\Programs\MiKTeX\tex/generic/pgfplots/numtable\pgfplotstableshared.code.tex
\c@pgfplotstable@counta=\count371
\t@pgfplotstable@a=\toks60
) (C:\Users\isiva\AppData\Local\Programs\MiKTeX\tex/generic/pgfplots/liststructure\pgfplotsdeque.code.tex) (C:\Users\isiva\AppData\Local\Programs\MiKTeX\tex/generic/pgfplots/util\pgfplotsbinary.code.tex (C:\Users\isiva\AppData\Local\Programs\MiKTeX\tex/generic/pgfplots/util\pgfplotsbinary.data.code.tex)) (C:\Users\isiva\AppData\Local\Programs\MiKTeX\tex/generic/pgfplots/util\pgfplotsutil.verb.code.tex) (C:\Users\isiva\AppData\Local\Programs\MiKTeX\tex/generic/pgfplots/libs\pgflibrarypgfplots.surfshading.code.tex
\c@pgfplotslibrarysurf@no=\count372
 (C:\Users\isiva\AppData\Local\Programs\MiKTeX\tex/generic/pgfplots/sys\pgflibrarypgfplots.surfshading.pgfsys-pdftex.def))) (C:\Users\isiva\AppData\Local\Programs\MiKTeX\tex/generic/pgfplots/util\pgfplotscolormap.code.tex (C:\Users\isiva\AppData\Local\Programs\MiKTeX\tex/generic/pgfplots/util\pgfplotscolor.code.tex)) (C:\Users\isiva\AppData\Local\Programs\MiKTeX\tex/generic/pgfplots\pgfplotsstackedplots.code.tex) (C:\Users\isiva\AppData\Local\Programs\MiKTeX\tex/generic/pgfplots\pgfplotsplothandlers.code.tex (C:\Users\isiva\AppData\Local\Programs\MiKTeX\tex/generic/pgfplots\pgfplotsmeshplothandler.code.tex (C:\Users\isiva\AppData\Local\Programs\MiKTeX\tex/generic/pgfplots\pgfplotsmeshplotimage.code.tex))) (C:\Users\isiva\AppData\Local\Programs\MiKTeX\tex/generic/pgfplots\pgfplots.scaling.code.tex) (C:\Users\isiva\AppData\Local\Programs\MiKTeX\tex/generic/pgfplots\pgfplotscoordprocessing.code.tex) (C:\Users\isiva\AppData\Local\Programs\MiKTeX\tex/generic/pgfplots\pgfplots.errorbars.code.tex) (C:\Users\isiva\AppData\Local\Programs\MiKTeX\tex/generic/pgfplots\pgfplots.markers.code.tex) (C:\Users\isiva\AppData\Local\Programs\MiKTeX\tex/generic/pgfplots\pgfplotsticks.code.tex) (C:\Users\isiva\AppData\Local\Programs\MiKTeX\tex/generic/pgfplots\pgfplots.paths.code.tex) (C:\Users\isiva\AppData\Local\Programs\MiKTeX\tex/generic/pgf/frontendlayer/tikz/libraries\tikzlibrarydecorations.code.tex (C:\Users\isiva\AppData\Local\Programs\MiKTeX\tex/generic/pgf/modules\pgfmoduledecorations.code.tex
\pgfdecoratedcompleteddistance=\dimen312
\pgfdecoratedremainingdistance=\dimen313
\pgfdecoratedinputsegmentcompleteddistance=\dimen314
\pgfdecoratedinputsegmentremainingdistance=\dimen315
\pgf@decorate@distancetomove=\dimen316
\pgf@decorate@repeatstate=\count373
\pgfdecorationsegmentamplitude=\dimen317
\pgfdecorationsegmentlength=\dimen318
)
\tikz@lib@dec@box=\box76
) (C:\Users\isiva\AppData\Local\Programs\MiKTeX\tex/generic/pgf/frontendlayer/tikz/libraries\tikzlibrarydecorations.pathmorphing.code.tex (C:\Users\isiva\AppData\Local\Programs\MiKTeX\tex/generic/pgf/libraries/decorations\pgflibrarydecorations.pathmorphing.code.tex)) (C:\Users\isiva\AppData\Local\Programs\MiKTeX\tex/generic/pgf/frontendlayer/tikz/libraries\tikzlibrarydecorations.pathreplacing.code.tex (C:\Users\isiva\AppData\Local\Programs\MiKTeX\tex/generic/pgf/libraries/decorations\pgflibrarydecorations.pathreplacing.code.tex)) (C:\Users\isiva\AppData\Local\Programs\MiKTeX\tex/generic/pgfplots/libs\tikzlibrarypgfplots.contourlua.code.tex)
\pgfplots@numplots=\count374
\pgfplots@xmin@reg=\dimen319
\pgfplots@xmax@reg=\dimen320
\pgfplots@ymin@reg=\dimen321
\pgfplots@ymax@reg=\dimen322
\pgfplots@zmin@reg=\dimen323
\pgfplots@zmax@reg=\dimen324
) (C:\Users\isiva\AppData\Local\Programs\MiKTeX\tex/generic/pgf/frontendlayer/tikz/libraries\tikzlibraryplotmarks.code.tex
File: tikzlibraryplotmarks.code.tex 2023-01-15 v3.1.10 (3.1.10)
 (C:\Users\isiva\AppData\Local\Programs\MiKTeX\tex/generic/pgf/libraries\pgflibraryplotmarks.code.tex
File: pgflibraryplotmarks.code.tex 2023-01-15 v3.1.10 (3.1.10)
))) (C:\Users\isiva\AppData\Local\Programs\MiKTeX\tex/latex/tools\longtable.sty
Package: longtable 2024-10-27 v4.22 Multi-page Table package (DPC)
\LTleft=\skip95
\LTright=\skip96
\LTpre=\skip97
\LTpost=\skip98
\LTchunksize=\count375
\LTcapwidth=\dimen325
\LT@head=\box77
\LT@firsthead=\box78
\LT@foot=\box79
\LT@lastfoot=\box80
\LT@gbox=\box81
\LT@cols=\count376
\LT@rows=\count377
\c@LT@tables=\count378
\c@LT@chunks=\count379
\LT@p@ftn=\toks61
) (C:\Users\isiva\AppData\Local\Programs\MiKTeX\tex/latex/parskip\parskip.sty
Package: parskip 2021-03-14 v2.0h non-zero parskip adjustments
) (C:\Users\isiva\AppData\Local\Programs\MiKTeX\tex/latex/psnfss\pifont.sty
Package: pifont 2020/03/25 PSNFSS-v9.3 Pi font support (SPQR) 
LaTeX Font Info:    Trying to load font information for U+pzd on input line 63.
 (C:\Users\isiva\AppData\Local\Programs\MiKTeX\tex/latex/psnfss\upzd.fd
File: upzd.fd 2001/06/04 font definitions for U/pzd.
)
LaTeX Font Info:    Trying to load font information for U+psy on input line 64.
 (C:\Users\isiva\AppData\Local\Programs\MiKTeX\tex/latex/psnfss\upsy.fd
File: upsy.fd 2001/06/04 font definitions for U/psy.
)) (C:\Users\isiva\AppData\Local\Programs\MiKTeX\tex/latex/wasysym\wasysym.sty
Package: wasysym 2020/01/19 v2.4 Wasy-2 symbol support package
\symwasy=\mathgroup6
LaTeX Font Info:    Overwriting symbol font `wasy' in version `bold'
(Font)                  U/wasy/m/n --> U/wasy/b/n on input line 93.
) (C:\Users\isiva\AppData\Local\Programs\MiKTeX\tex/latex/caption\subcaption.sty
Package: subcaption 2023/07/28 v1.6b Sub-captions (AR)
Package caption Info: New subtype `subfigure' on input line 238.
\c@subfigure=\count380
Package caption Info: New subtype `subtable' on input line 238.
\c@subtable=\count381
) (C:\Users\isiva\AppData\Local\Programs\MiKTeX\tex/generic/pgf/libraries\pgflibraryarrows.meta.code.tex
File: pgflibraryarrows.meta.code.tex 2023-01-15 v3.1.10 (3.1.10)
\pgfarrowinset=\dimen326
\pgfarrowlength=\dimen327
\pgfarrowwidth=\dimen328
\pgfarrowlinewidth=\dimen329
) (C:\Users\isiva\AppData\Local\Programs\MiKTeX\tex/generic/pgfplots/libs\tikzlibrarypgfplots.groupplots.code.tex
\pgfplots@group@current@plot=\count382
\pgfplots@group@current@row=\count383
\pgfplots@group@current@column=\count384
) (C:\Users\isiva\AppData\Local\Programs\MiKTeX\tex/latex/l3backend\l3backend-pdftex.def
File: l3backend-pdftex.def 2024-05-08 L3 backend support: PDF output (pdfTeX)
\l__color_backend_stack_int=\count385
\l__pdf_internal_box=\box82
) (ejemplo-memoria.aux
LaTeX Info: Redefining \. on input line 12.
LaTeX Info: Redefining \% on input line 12.
Package babel Info: 'spanish' activates 'spanish' shorthands.
(babel)             Reported  on input line 12.
)
\openout1 = `ejemplo-memoria.aux'.

LaTeX Font Info:    Checking defaults for OML/cmm/m/it on input line 83.
LaTeX Font Info:    ... okay on input line 83.
LaTeX Font Info:    Checking defaults for OMS/cmsy/m/n on input line 83.
LaTeX Font Info:    ... okay on input line 83.
LaTeX Font Info:    Checking defaults for OT1/cmr/m/n on input line 83.
LaTeX Font Info:    ... okay on input line 83.
LaTeX Font Info:    Checking defaults for T1/cmr/m/n on input line 83.
LaTeX Font Info:    ... okay on input line 83.
LaTeX Font Info:    Checking defaults for TS1/cmr/m/n on input line 83.
LaTeX Font Info:    ... okay on input line 83.
LaTeX Font Info:    Checking defaults for OMX/cmex/m/n on input line 83.
LaTeX Font Info:    ... okay on input line 83.
LaTeX Font Info:    Checking defaults for U/cmr/m/n on input line 83.
LaTeX Font Info:    ... okay on input line 83.
LaTeX Font Info:    Checking defaults for PD1/pdf/m/n on input line 83.
LaTeX Font Info:    ... okay on input line 83.
LaTeX Font Info:    Checking defaults for PU/pdf/m/n on input line 83.
LaTeX Font Info:    ... okay on input line 83.
LaTeX Info: Redefining \. on input line 83.
LaTeX Info: Redefining \% on input line 83.
\c@lstlisting=\count386
Package hyperref Info: Link coloring ON on input line 83.
 (ejemplo-memoria.out) (ejemplo-memoria.out)
\@outlinefile=\write4
\openout4 = `ejemplo-memoria.out'.

 (C:\Users\isiva\AppData\Local\Programs\MiKTeX\tex/context/base/mkii\supp-pdf.mkii
[Loading MPS to PDF converter (version 2006.09.02).]
\scratchcounter=\count387
\scratchdimen=\dimen330
\scratchbox=\box83
\nofMPsegments=\count388
\nofMParguments=\count389
\everyMPshowfont=\toks62
\MPscratchCnt=\count390
\MPscratchDim=\dimen331
\MPnumerator=\count391
\makeMPintoPDFobject=\count392
\everyMPtoPDFconversion=\toks63
) (C:\Users\isiva\AppData\Local\Programs\MiKTeX\tex/latex/epstopdf-pkg\epstopdf-base.sty
Package: epstopdf-base 2020-01-24 v2.11 Base part for package epstopdf
Package epstopdf-base Info: Redefining graphics rule for `.eps' on input line 485.
 (C:\Users\isiva\AppData\Local\Programs\MiKTeX\tex/latex/00miktex\epstopdf-sys.cfg
File: epstopdf-sys.cfg 2021/03/18 v2.0 Configuration of epstopdf for MiKTeX
))
*geometry* driver: auto-detecting
*geometry* detected driver: pdftex
*geometry* verbose mode - [ preamble ] result:
* driver: pdftex
* paper: a4paper
* layout: <same size as paper>
* layoutoffset:(h,v)=(0.0pt,0.0pt)
* modes: twoside 
* h-part:(L,W,R)=(71.13188pt, 455.24411pt, 71.13188pt)
* v-part:(T,H,B)=(71.13188pt, 717.00946pt, 56.9055pt)
* \paperwidth=597.50787pt
* \paperheight=845.04684pt
* \textwidth=455.24411pt
* \textheight=717.00946pt
* \oddsidemargin=-1.1381pt
* \evensidemargin=-1.1381pt
* \topmargin=-33.0119pt
* \headheight=14.5pt
* \headsep=19.8738pt
* \topskip=12.0pt
* \footskip=30.0pt
* \marginparwidth=88.0pt
* \marginparsep=7.0pt
* \columnsep=10.0pt
* \skip\footins=10.8pt plus 4.0pt minus 2.0pt
* \hoffset=0.0pt
* \voffset=0.0pt
* \mag=1000
* \@twocolumnfalse
* \@twosidetrue
* \@mparswitchtrue
* \@reversemarginfalse
* (1in=72.27pt=25.4mm, 1cm=28.453pt)

Package caption Info: Begin \AtBeginDocument code.
Package caption Info: longtable package is loaded.
(C:\Users\isiva\AppData\Local\Programs\MiKTeX\tex/latex/caption\ltcaption.sty
Package: ltcaption 2021/01/08 v1.4c longtable captions (AR)
)
Package caption Info: End \AtBeginDocument code.

Package pgfplots notification 'compat/show suggested version=true': document has been generated with the most recent feature set (\pgfplotsset{compat=1.18}).

Couldn't patch \ttl@straight@ii
Couldn't patch \ttl@straight@ii
<figs/etse_titulo.png, id=774, 374.39874pt x 64.24pt>
File: figs/etse_titulo.png Graphic file (type png)
<use figs/etse_titulo.png>
Package pdftex.def Info: figs/etse_titulo.png  used on input line 85.
(pdftex.def)             Requested size: 250.38562pt x 42.96214pt.
LaTeX Font Info:    Trying to load font information for U+msa on input line 85.
(C:\Users\isiva\AppData\Local\Programs\MiKTeX\tex/latex/amsfonts\umsa.fd
File: umsa.fd 2013/01/14 v3.01 AMS symbols A
)
LaTeX Font Info:    Trying to load font information for U+msb on input line 85.
 (C:\Users\isiva\AppData\Local\Programs\MiKTeX\tex/latex/amsfonts\umsb.fd
File: umsb.fd 2013/01/14 v3.01 AMS symbols B
)
LaTeX Font Info:    Trying to load font information for U+wasy on input line 85.
 (C:\Users\isiva\AppData\Local\Programs\MiKTeX\tex/latex/wasysym\uwasy.fd
File: uwasy.fd 2020/01/19 v2.4 Wasy-2 symbol font definitions
)
<figs/escudo_logo_UV_narrow.png, id=775, 602.25pt x 782.925pt>
File: figs/escudo_logo_UV_narrow.png Graphic file (type png)
<use figs/escudo_logo_UV_narrow.png>
Package pdftex.def Info: figs/escudo_logo_UV_narrow.png  used on input line 85.
(pdftex.def)             Requested size: 182.09485pt x 236.71907pt.


[1

{C:/Users/isiva/AppData/Local/MiKTeX/fonts/map/pdftex/pdftex.map} <./figs/etse_titulo.png> <./figs/escudo_logo_UV_narrow.png>]

[2

]
<figs/logo-contraportada.png, id=789, 722.7pt x 100.375pt>
File: figs/logo-contraportada.png Graphic file (type png)
<use figs/logo-contraportada.png>
Package pdftex.def Info: figs/logo-contraportada.png  used on input line 87.
(pdftex.def)             Requested size: 455.24408pt x 63.22891pt.


[3 <./figs/logo-contraportada.png>]

[4

]

[5]

[6

]

[7]

[8

]

[9]

[10

]

[11]

[12

]

[13]

[14

] (ejemplo-memoria.toc
LaTeX Info: Redefining \. on input line 1.
LaTeX Info: Redefining \% on input line 1.


[15

]

[16]

[17]

[18])
\tf@toc=\write5
\openout5 = `ejemplo-memoria.toc'.



[19]

[20

] (ejemplo-memoria.lof
LaTeX Info: Redefining \. on input line 1.
LaTeX Info: Redefining \% on input line 1.


[21]

[22])
\tf@lof=\write6
\openout6 = `ejemplo-memoria.lof'.



[23]

[24

] (ejemplo-memoria.lot
LaTeX Info: Redefining \. on input line 1.
LaTeX Info: Redefining \% on input line 1.
)
\tf@lot=\write7
\openout7 = `ejemplo-memoria.lot'.



[25

]

[26]
Cap\'{\i }tulo 1.
(tex/introduccion.tex

[27


]

[28]
Overfull \hbox (5.61359pt too wide) in paragraph at lines 77--77
|[]\T1/cmr/bx/n/14.4 Alineación con los Ob-je-ti-vos de De-sa-rro-llo Sos-te-ni-ble (ODS)| 
 []



[29]

[30])

[31]

[32

]
Cap\'{\i }tulo 2.
(tex/estado_arte.tex
<figs/evolucion_moviles.jpg, id=1419, 642.4pt x 481.8pt>
File: figs/evolucion_moviles.jpg Graphic file (type jpg)
<use figs/evolucion_moviles.jpg>
Package pdftex.def Info: figs/evolucion_moviles.jpg  used on input line 23.
(pdftex.def)             Requested size: 386.96027pt x 290.22908pt.

Underfull \vbox (badness 10000) has occurred while \output is active []



[33]

[34 <./figs/evolucion_moviles.jpg>]
Overfull \hbox (9.04501pt too wide) in paragraph at lines 60--72
 [][] 
 []



[35]
<figs/Sword-of-Damocles.png, id=1456, 236.5638pt x 172.9662pt>
File: figs/Sword-of-Damocles.png Graphic file (type png)
<use figs/Sword-of-Damocles.png>
Package pdftex.def Info: figs/Sword-of-Damocles.png  used on input line 97.
(pdftex.def)             Requested size: 227.62206pt x 166.42834pt.


[36 <./figs/Sword-of-Damocles.png>]
<figs/karma.jpg, id=1469, 1188.44pt x 786.94pt>
File: figs/karma.jpg Graphic file (type jpg)
<use figs/karma.jpg>
Package pdftex.def Info: figs/karma.jpg  used on input line 109.
(pdftex.def)             Requested size: 273.14923pt x 180.87231pt.
<figs/artoolkit.jpg, id=1472, 213.79875pt x 301.125pt>
File: figs/artoolkit.jpg Graphic file (type jpg)
<use figs/artoolkit.jpg>
Package pdftex.def Info: figs/artoolkit.jpg  used on input line 122.
(pdftex.def)             Requested size: 136.57462pt x 192.35634pt.

Underfull \vbox (badness 10000) has occurred while \output is active []



[37 <./figs/karma.jpg>]
<figs/hololens.jpg, id=1491, 519.44063pt x 292.09125pt>
File: figs/hololens.jpg Graphic file (type jpg)
<use figs/hololens.jpg>
Package pdftex.def Info: figs/hololens.jpg  used on input line 143.
(pdftex.def)             Requested size: 273.14923pt x 153.59532pt.


[38 <./figs/artoolkit.jpg>]

[39 <./figs/hololens.jpg>]
Overfull \hbox (21.29373pt too wide) in paragraph at lines 169--170
[]\T1/cmr/m/n/12 Otra mu-jer fun-da-men-tal en la his-to-ria re-cien-te de Va-len-cia es Car-men Al-borch (1947^^U2018).
 []



[40]
<figs/mapa.png, id=1535, 1445.4pt x 813.0375pt>
File: figs/mapa.png Graphic file (type png)
<use figs/mapa.png>
Package pdftex.def Info: figs/mapa.png  used on input line 183.
(pdftex.def)             Requested size: 455.24411pt x 256.07095pt.

Underfull \vbox (badness 6236) has occurred while \output is active []



[41 <./figs/mapa.png (PNG copy)>]
<figs/pokemon_go.jpg, id=1543, 803.0pt x 451.6875pt>
File: figs/pokemon_go.jpg Graphic file (type jpg)
<use figs/pokemon_go.jpg>
Package pdftex.def Info: figs/pokemon_go.jpg  used on input line 201.
(pdftex.def)             Requested size: 227.62206pt x 128.03615pt.
<figs/streetmuseum.png, id=1544, 369.38pt x 246.42062pt>
File: figs/streetmuseum.png Graphic file (type png)
<use figs/streetmuseum.png>
Package pdftex.def Info: figs/streetmuseum.png  used on input line 212.
(pdftex.def)             Requested size: 227.62206pt x 151.85045pt.

Underfull \vbox (badness 1142) has occurred while \output is active []



[42 <./figs/pokemon_go.jpg>]
<figs/cultuar.jpeg, id=1549, 702.625pt x 421.575pt>
File: figs/cultuar.jpeg Graphic file (type jpg)
<use figs/cultuar.jpeg>
Package pdftex.def Info: figs/cultuar.jpeg  used on input line 223.
(pdftex.def)             Requested size: 227.62206pt x 136.57281pt.
<figs/history-pin.png, id=1550, 805.0075pt x 516.93124pt>
File: figs/history-pin.png Graphic file (type png)
<use figs/history-pin.png>
Package pdftex.def Info: figs/history-pin.png  used on input line 234.
(pdftex.def)             Requested size: 227.62206pt x 146.15955pt.


[43 <./figs/streetmuseum.png> <./figs/cultuar.jpeg>]

[44 <./figs/history-pin.png>]

[45]

[46]

[47]

[48]

[49]

[50])

[51]

[52

]
Cap\'{\i }tulo 3.
(tex/requisitos.tex

[53]

[54]
Overfull \hbox (0.44708pt too wide) in paragraph at lines 58--59
[]\T1/cmr/m/n/12 La apli-ca-ción de-be cal-cu-lar dis-tan-cias pre-ci-sas uti-li-zan-do la fór-mu-la de Haversine[[]]. 
 []



[55]

[56]

[57]

[58]
<figs/modelo_cascada.jpg, id=1654, 1365.1pt x 682.55pt>
File: figs/modelo_cascada.jpg Graphic file (type jpg)
<use figs/modelo_cascada.jpg>
Package pdftex.def Info: figs/modelo_cascada.jpg  used on input line 236.
(pdftex.def)             Requested size: 409.71692pt x 204.8499pt.

Underfull \vbox (badness 10000) has occurred while \output is active []



[59]

[60 <./figs/modelo_cascada.jpg>]

[61]

[62]
Underfull \vbox (badness 10000) has occurred while \output is active []



[63

]

[64]
<figs/gantt.jpg, id=1686, 248.3679pt x 474.8139pt>
File: figs/gantt.jpg Graphic file (type jpg)
<use figs/gantt.jpg>
Package pdftex.def Info: figs/gantt.jpg  used on input line 389.
(pdftex.def)             Requested size: 356.30032pt x 681.15225pt.

Underfull \vbox (badness 10000) has occurred while \output is active []



[65

 <./figs/gantt.jpg>]
Overfull \hbox (36.97372pt too wide) in paragraph at lines 415--428
 [][] 
 []


Underfull \hbox (badness 1675) in paragraph at lines 449--449
[]|\T1/cmr/m/n/12 Integración AR.js, ac-ti-va-ción por
 []


Underfull \hbox (badness 1521) in paragraph at lines 451--451
[]|\T1/cmr/m/n/12 Pruebas fun-cio-na-les, prue-bas con
 []


Overfull \hbox (31.01535pt too wide) in paragraph at lines 439--458
 [][] 
 []


Underfull \vbox (badness 1028) has occurred while \output is active []



[66]

[67]

LaTeX Warning: Command \texteuro invalid in math mode on input line 505.


LaTeX Warning: Command \texteuro invalid in math mode on input line 505.


LaTeX Warning: Command \texteuro invalid in math mode on input line 505.


LaTeX Warning: Command \texteuro invalid in math mode on input line 505.


LaTeX Warning: Command \texteuro invalid in math mode on input line 505.


LaTeX Warning: Command \texteuro invalid in math mode on input line 505.

Missing character: There is no ¿ in font cmr12!
Missing character: There is no ¿ in font cmr12!
Missing character: There is no ¿ in font cmr12!


[68]
Underfull \vbox (badness 1009) has occurred while \output is active []



[69]
Underfull \hbox (badness 2189) in paragraph at lines 581--581
[]|\T1/cmr/m/n/12 Cambios en de-pen-den-cias
 []


Underfull \hbox (badness 2894) in paragraph at lines 581--581
[]|\T1/cmr/m/n/12 Problemas le-ga-les (da-tos,
 []



[70]
<figs/matriz_riesgos.jpg, id=1738, 673.01437pt x 465.99094pt>
File: figs/matriz_riesgos.jpg Graphic file (type jpg)
<use figs/matriz_riesgos.jpg>
Package pdftex.def Info: figs/matriz_riesgos.jpg  used on input line 624.
(pdftex.def)             Requested size: 295.90588pt x 204.8802pt.

Underfull \hbox (badness 1199) in paragraph at lines 640--640
[]|\T1/cmr/m/n/12 Estimaciones tem-po-ra-les im-
 []



[71 <./figs/matriz_riesgos.jpg>])

[72]
Cap\'{\i }tulo 4.
(tex/analisis.tex
<figs/diagrama_administrador.png, id=1749, 633.567pt x 463.7325pt>
File: figs/diagrama_administrador.png Graphic file (type png)
<use figs/diagrama_administrador.png>
Package pdftex.def Info: figs/diagrama_administrador.png  used on input line 23.
(pdftex.def)             Requested size: 455.24411pt x 333.20784pt.

Underfull \vbox (badness 10000) has occurred while \output is active []



[73

]
<figs/diagrama_usuario_no_registrado.png, id=1755, 275.8305pt x 124.66576pt>
File: figs/diagrama_usuario_no_registrado.png Graphic file (type png)
<use figs/diagrama_usuario_no_registrado.png>
Package pdftex.def Info: figs/diagrama_usuario_no_registrado.png  used on input line 29.
(pdftex.def)             Requested size: 364.19667pt x 164.61444pt.


[74 <./figs/diagrama_administrador.png> <./figs/diagrama_usuario_no_registrado.png>]
<figs/diagrama_usuario_registrado.png, id=1762, 1007.56425pt x 464.937pt>
File: figs/diagrama_usuario_registrado.png Graphic file (type png)
<use figs/diagrama_usuario_registrado.png>
Package pdftex.def Info: figs/diagrama_usuario_registrado.png  used on input line 39.
(pdftex.def)             Requested size: 717.00761pt x 330.88086pt.


[75

 <./figs/diagrama_usuario_registrado.png>]

[76

]

[77

]

[78

]

[79

]

[80

]

[81

]

[82

]

[83

]

[84

]

[85

]

[86

]

[87

]
Underfull \hbox (badness 1097) in paragraph at lines 606--606
[]|\T1/cmr/m/n/12 El ad-mi-nis-tra-dor in-tro-
 []



[88

]

[89

]
Underfull \hbox (badness 1009) in paragraph at lines 696--696
\T1/cmr/m/n/12 tos co-mo nom-bre, des-
 []



[90

]
Underfull \hbox (badness 1009) in paragraph at lines 741--741
\T1/cmr/m/n/12 tos co-mo nom-bre, des-
 []



[91

]

[92

]

[93

]
Underfull \hbox (badness 3769) in paragraph at lines 871--871
\T1/cmr/m/n/12 tro-du-ce o mo-di-fi-ca el
 []



[94

]
<figs/diagrama_actividad_usuario_no_registrado.png, id=1851, 1863.96375pt x 708.6475pt>
File: figs/diagrama_actividad_usuario_no_registrado.png Graphic file (type png)
<use figs/diagrama_actividad_usuario_no_registrado.png>
Package pdftex.def Info: figs/diagrama_actividad_usuario_no_registrado.png  used on input line 895.
(pdftex.def)             Requested size: 455.24411pt x 173.0741pt.


[95

 <./figs/diagrama_actividad_usuario_no_registrado.png>]
<figs/diagrama_actividad_usuario_registrado.png, id=1857, 1555.8125pt x 1041.8925pt>
File: figs/diagrama_actividad_usuario_registrado.png Graphic file (type png)
<use figs/diagrama_actividad_usuario_registrado.png>
Package pdftex.def Info: figs/diagrama_actividad_usuario_registrado.png  used on input line 909.
(pdftex.def)             Requested size: 660.10257pt x 442.0592pt.


Package caption Warning: The option `hypcap=true' will be ignored for this
(caption)                particular \caption on input line 910.
See the caption package documentation for explanation.


Underfull \vbox (badness 10000) has occurred while \output is active []



[96


 <./figs/diagrama_actividad_usuario_registrado.png (PNG copy)>]
<figs/diagrama_actividad_administrador.png, id=1862, 1522.68875pt x 901.3675pt>
File: figs/diagrama_actividad_administrador.png Graphic file (type png)
<use figs/diagrama_actividad_administrador.png>
Package pdftex.def Info: figs/diagrama_actividad_administrador.png  used on input line 914.
(pdftex.def)             Requested size: 660.10257pt x 390.75757pt.


Package caption Warning: The option `hypcap=true' will be ignored for this
(caption)                particular \caption on input line 915.
See the caption package documentation for explanation.



[97 <./figs/diagrama_actividad_administrador.png (PNG copy)>]
<figs/estado_usuario_no_registrado.png, id=1868, 579.16376pt x 779.91376pt>
File: figs/estado_usuario_no_registrado.png Graphic file (type png)
<use figs/estado_usuario_no_registrado.png>
Package pdftex.def Info: figs/estado_usuario_no_registrado.png  used on input line 930.
(pdftex.def)             Requested size: 295.90588pt x 398.47668pt.


[98

 <./figs/estado_usuario_no_registrado.png (PNG copy)>]
<figs/diagrama1.png, id=1873, 1377.145pt x 683.55376pt>
File: figs/diagrama1.png Graphic file (type png)
<use figs/diagrama1.png>
Package pdftex.def Info: figs/diagrama1.png  used on input line 938.
(pdftex.def)             Requested size: 717.00761pt x 355.88806pt.


[99

 <./figs/diagrama1.png>]
<figs/diagrama2.png, id=1879, 1506.62875pt x 444.66125pt>
File: figs/diagrama2.png Graphic file (type png)
<use figs/diagrama2.png>
Package pdftex.def Info: figs/diagrama2.png  used on input line 948.
(pdftex.def)             Requested size: 717.00761pt x 211.6098pt.


[100


 <./figs/diagrama2.png>]
<figs/estado_administrador.png, id=1885, 1287.81125pt x 270.00874pt>
File: figs/estado_administrador.png Graphic file (type png)
<use figs/estado_administrador.png>
Package pdftex.def Info: figs/estado_administrador.png  used on input line 958.
(pdftex.def)             Requested size: 717.00761pt x 150.33453pt.


[101


 <./figs/estado_administrador.png (PNG copy)>])

[102


]
Cap\'{\i }tulo 5.
(tex/diseno.tex
<figs/colores.png, id=1902, 1927.2pt x 346.29375pt>
File: figs/colores.png Graphic file (type png)
<use figs/colores.png>
Package pdftex.def Info: figs/colores.png  used on input line 22.
(pdftex.def)             Requested size: 455.24411pt x 81.80176pt.

Underfull \vbox (badness 2512) has occurred while \output is active []



[103]
<figs/tipografia.png, id=1913, 1445.4pt x 813.0375pt>
File: figs/tipografia.png Graphic file (type png)
<use figs/tipografia.png>
Package pdftex.def Info: figs/tipografia.png  used on input line 33.
(pdftex.def)             Requested size: 318.66948pt x 179.25339pt.
<figs/wireframe1.jpg, id=1916, 259.7203pt x 500.62032pt>
File: figs/wireframe1.jpg Graphic file (type jpg)
<use figs/wireframe1.jpg>
Package pdftex.def Info: figs/wireframe1.jpg  used on input line 45.
(pdftex.def)             Requested size: 116.5456pt x 224.64304pt.
<figs/wireframe2.jpg, id=1917, 262.73157pt x 495.35063pt>
File: figs/wireframe2.jpg Graphic file (type jpg)
<use figs/wireframe2.jpg>
Package pdftex.def Info: figs/wireframe2.jpg  used on input line 51.
(pdftex.def)             Requested size: 116.5456pt x 219.73119pt.
<figs/wireframe3.jpg, id=1918, 258.9675pt x 493.845pt>
File: figs/wireframe3.jpg Graphic file (type jpg)
<use figs/wireframe3.jpg>
Package pdftex.def Info: figs/wireframe3.jpg  used on input line 57.
(pdftex.def)             Requested size: 116.5456pt x 222.2508pt.
<figs/wireframe4.jpg, id=1919, 265.74281pt x 494.59781pt>
File: figs/wireframe4.jpg Graphic file (type jpg)
<use figs/wireframe4.jpg>
Package pdftex.def Info: figs/wireframe4.jpg  used on input line 65.
(pdftex.def)             Requested size: 116.5456pt x 216.91429pt.

Underfull \hbox (badness 2707) in paragraph at lines 66--66
[]\T1/cmr/m/n/10.95 (d) |Wi-re-fra-me 4: Per-fil de
 []

<figs/wireframe5.jpg, id=1920, 268.75406pt x 497.60907pt>
File: figs/wireframe5.jpg Graphic file (type jpg)
<use figs/wireframe5.jpg>
Package pdftex.def Info: figs/wireframe5.jpg  used on input line 71.
(pdftex.def)             Requested size: 118.3628pt x 219.15367pt.

Underfull \vbox (badness 10000) has occurred while \output is active []



[104 <./figs/colores.png> <./figs/tipografia.png>]
Underfull \vbox (badness 10000) has occurred while \output is active []



[105 <./figs/wireframe1.jpg> <./figs/wireframe2.jpg> <./figs/wireframe3.jpg> <./figs/wireframe4.jpg> <./figs/wireframe5.jpg>]
Overfull \hbox (17.67494pt too wide) in paragraph at lines 105--106
[]\T1/cmr/bx/n/12 fechas\T1/cmr/m/n/12 : in-for-ma-ción de fe-chas re-le-van-tes (Char-Field, max_length=100, null=True,
 []


Overfull \hbox (10.80873pt too wide) in paragraph at lines 117--118
[]\T1/cmr/bx/n/12 ar_url\T1/cmr/m/n/12 : en-la-ce a con-te-ni-do de reali-dad au-men-ta-da (URL-Field, max_length=300,
 []



[106]
Overfull \hbox (41.69272pt too wide) in paragraph at lines 126--127
[]\T1/cmr/m/n/12 Relación \T1/cmr/bx/n/12 mu-je-res\T1/cmr/m/n/12 : Many-To-Many-Field con \T1/cmtt/m/n/12 Mujer \T1/cmr/m/n/12 (re-la-ted_name='rutas', blank=True) 
 []


Overfull \hbox (37.59651pt too wide) in paragraph at lines 127--128
[]\T1/cmr/m/n/12 Relación \T1/cmr/bx/n/12 lu-ga-res\T1/cmr/m/n/12 : Many-To-Many-Field con \T1/cmtt/m/n/12 Lugar \T1/cmr/m/n/12 (re-la-ted_name='rutas', blank=True) 
 []


Overfull \hbox (45.34496pt too wide) in paragraph at lines 133--134
[]\T1/cmr/bx/n/12 user_id \T1/cmr/m/n/12 (re-la-ción uno a uno con User, re-la-ted_name='profile', on_delete=CASCADE) 
 []


Overfull \hbox (19.96216pt too wide) in paragraph at lines 141--142
[]\T1/cmr/bx/n/12 user_id \T1/cmr/m/n/12 (cla-ve fo-rá-nea, re-la-ted_name='visited_lugares', on_delete=CASCADE) 
 []


Overfull \hbox (50.63521pt too wide) in paragraph at lines 150--151
[]\T1/cmr/bx/n/12 user_id \T1/cmr/m/n/12 (cla-ve fo-rá-nea, re-la-ted_name='visited_lugares_ruta', on_delete=CASCADE) 
 []



[107]
Underfull \hbox (badness 5431) in paragraph at lines 186--186
[]|\T1/cmr/m/n/12 id (Bi-gAu-to-Field), nom-bre, des-crip-cion, fo-to (Ima-ge-Field),
 []



[108]
<figs/diagrama_clases.png, id=1944, 2020.54875pt x 942.52126pt>
File: figs/diagrama_clases.png Graphic file (type png)
<use figs/diagrama_clases.png>
Package pdftex.def Info: figs/diagrama_clases.png  used on input line 193.
(pdftex.def)             Requested size: 717.00761pt x 334.46077pt.


[109 <./figs/diagrama_clases.png (PNG copy)>]
Overfull \hbox (20.5572pt too wide) in paragraph at lines 205--205
[]\T1/cmr/bx/n/12 Componentes de Usua-rio: \T1/cmr/m/n/12 In-clu-yen las pan-ta-llas de au-ten-ti-ca-ción (\T1/cmtt/m/n/12 Login\T1/cmr/m/n/12 , \T1/cmtt/m/n/12 Register\T1/cmr/m/n/12 ),
 []


Overfull \hbox (9.51173pt too wide) in paragraph at lines 205--205
\T1/cmr/m/n/12 men-ta-da (\T1/cmtt/m/n/12 AR\T1/cmr/m/n/12 ), y la ló-gi-ca de no-ti-fi-ca-cio-nes de pro-xi-mi-dad (\T1/cmtt/m/n/12 NotificacionProximidad\T1/cmr/m/n/12 ),
 []



[110


]
<figs/prueba.png, id=1955, 2947.01pt x 1345.025pt>
File: figs/prueba.png Graphic file (type png)
<use figs/prueba.png>
Package pdftex.def Info: figs/prueba.png  used on input line 209.
(pdftex.def)             Requested size: 717.00761pt x 327.22513pt.


[111

 <./figs/prueba.png (PNG copy)>]
<figs/caso1.png, id=1961, 860.21375pt x 534.99875pt>
File: figs/caso1.png Graphic file (type png)
<use figs/caso1.png>
Package pdftex.def Info: figs/caso1.png  used on input line 221.
(pdftex.def)             Requested size: 364.19667pt x 226.51021pt.


[112

 <./figs/caso1.png (PNG copy)>]
<figs/caso2.png, id=1966, 881.2925pt x 549.05125pt>
File: figs/caso2.png Graphic file (type png)
<use figs/caso2.png>
Package pdftex.def Info: figs/caso2.png  used on input line 229.
(pdftex.def)             Requested size: 364.19667pt x 226.89694pt.
<figs/caso3.png, id=1967, 1042.89626pt x 796.9775pt>
File: figs/caso3.png Graphic file (type png)
<use figs/caso3.png>
Package pdftex.def Info: figs/caso3.png  used on input line 236.
(pdftex.def)             Requested size: 364.19667pt x 278.31393pt.
<figs/caso4.png, id=1968, 877.2775pt x 791.95876pt>
File: figs/caso4.png Graphic file (type png)
<use figs/caso4.png>
Package pdftex.def Info: figs/caso4.png  used on input line 243.
(pdftex.def)             Requested size: 364.19667pt x 328.7776pt.

Underfull \vbox (badness 3838) has occurred while \output is active []



[113

 <./figs/caso2.png (PNG copy)> <./figs/caso3.png (PNG copy)>]
<figs/caso5.png, id=1973, 998.73125pt x 561.09625pt>
File: figs/caso5.png Graphic file (type png)
<use figs/caso5.png>
Package pdftex.def Info: figs/caso5.png  used on input line 250.
(pdftex.def)             Requested size: 364.19667pt x 204.60579pt.
<figs/caso6.png, id=1974, 864.22874pt x 606.265pt>
File: figs/caso6.png Graphic file (type png)
<use figs/caso6.png>
Package pdftex.def Info: figs/caso6.png  used on input line 257.
(pdftex.def)             Requested size: 364.19667pt x 255.48064pt.


[114 <./figs/caso4.png (PNG copy)> <./figs/caso5.png (PNG copy)>]
<figs/caso7.png, id=1979, 1161.33875pt x 666.49pt>
File: figs/caso7.png Graphic file (type png)
<use figs/caso7.png>
Package pdftex.def Info: figs/caso7.png  used on input line 264.
(pdftex.def)             Requested size: 364.19667pt x 209.00984pt.
<figs/caso8.png, id=1980, 1005.7575pt x 428.60126pt>
File: figs/caso8.png Graphic file (type png)
<use figs/caso8.png>
Package pdftex.def Info: figs/caso8.png  used on input line 271.
(pdftex.def)             Requested size: 364.19667pt x 155.19884pt.

Underfull \vbox (badness 10000) has occurred while \output is active []



[115 <./figs/caso6.png (PNG copy)> <./figs/caso7.png (PNG copy)>]
<figs/caso9.png, id=1986, 1165.35374pt x 561.09625pt>
File: figs/caso9.png Graphic file (type png)
<use figs/caso9.png>
Package pdftex.def Info: figs/caso9.png  used on input line 278.
(pdftex.def)             Requested size: 364.19667pt x 175.35071pt.
<figs/caso10.png, id=1987, 990.70125pt x 549.05125pt>
File: figs/caso10.png Graphic file (type png)
<use figs/caso10.png>
Package pdftex.def Info: figs/caso10.png  used on input line 285.
(pdftex.def)             Requested size: 364.19667pt x 201.83884pt.

Underfull \vbox (badness 10000) has occurred while \output is active []



[116 <./figs/caso8.png (PNG copy)> <./figs/caso9.png (PNG copy)>]
<figs/caso11.png, id=1992, 846.16125pt x 473.77pt>
File: figs/caso11.png Graphic file (type png)
<use figs/caso11.png>
Package pdftex.def Info: figs/caso11.png  used on input line 292.
(pdftex.def)             Requested size: 364.19667pt x 203.91231pt.
<figs/caso12.png, id=1993, 558.085pt x 327.2225pt>
File: figs/caso12.png Graphic file (type png)
<use figs/caso12.png>
Package pdftex.def Info: figs/caso12.png  used on input line 299.
(pdftex.def)             Requested size: 364.19667pt x 213.5459pt.

Underfull \vbox (badness 10000) has occurred while \output is active []



[117 <./figs/caso10.png (PNG copy)> <./figs/caso11.png (PNG copy)>]
<figs/caso13.png, id=1998, 1048.91875pt x 519.9425pt>
File: figs/caso13.png Graphic file (type png)
<use figs/caso13.png>
Package pdftex.def Info: figs/caso13.png  used on input line 306.
(pdftex.def)             Requested size: 364.19667pt x 180.53073pt.
<figs/caso14.png, id=1999, 916.42375pt x 653.44125pt>
File: figs/caso14.png Graphic file (type png)
<use figs/caso14.png>
Package pdftex.def Info: figs/caso14.png  used on input line 313.
(pdftex.def)             Requested size: 364.19667pt x 259.68681pt.

Underfull \vbox (badness 10000) has occurred while \output is active []



[118 <./figs/caso12.png (PNG copy)> <./figs/caso13.png (PNG copy)>]
<figs/caso15.png, id=2004, 1110.1475pt x 711.65875pt>
File: figs/caso15.png Graphic file (type png)
<use figs/caso15.png>
Package pdftex.def Info: figs/caso15.png  used on input line 320.
(pdftex.def)             Requested size: 364.19667pt x 233.46901pt.
<figs/caso16.png, id=2005, 1186.4325pt x 711.65875pt>
File: figs/caso16.png Graphic file (type png)
<use figs/caso16.png>
Package pdftex.def Info: figs/caso16.png  used on input line 327.
(pdftex.def)             Requested size: 364.19667pt x 218.45099pt.

Underfull \vbox (badness 7415) has occurred while \output is active []



[119 <./figs/caso14.png (PNG copy)> <./figs/caso15.png (PNG copy)>]
<figs/caso17.png, id=2010, 941.5175pt x 707.64375pt>
File: figs/caso17.png Graphic file (type png)
<use figs/caso17.png>
Package pdftex.def Info: figs/caso17.png  used on input line 334.
(pdftex.def)             Requested size: 364.19667pt x 273.73402pt.
<figs/caso18.png, id=2011, 1166.3575pt x 756.8275pt>
File: figs/caso18.png Graphic file (type png)
<use figs/caso18.png>
Package pdftex.def Info: figs/caso18.png  used on input line 341.
(pdftex.def)             Requested size: 364.19667pt x 236.31169pt.

Underfull \vbox (badness 7777) has occurred while \output is active []



[120 <./figs/caso16.png (PNG copy)> <./figs/caso17.png (PNG copy)>]
<figs/caso20.png, id=2016, 945.5325pt x 624.3325pt>
File: figs/caso20.png Graphic file (type png)
<use figs/caso20.png>
Package pdftex.def Info: figs/caso20.png  used on input line 348.
(pdftex.def)             Requested size: 364.19667pt x 240.4783pt.
)

[121 <./figs/caso18.png (PNG copy)> <./figs/caso20.png (PNG copy)>]

[122

]
Cap\'{\i }tulo 6.
(tex/implementacion_pruebas.tex (C:\Users\isiva\AppData\Local\Programs\MiKTeX\tex/latex/listings\lstlang1.sty
File: lstlang1.sty 2024/09/23 1.10c listings language file
) (C:\Users\isiva\AppData\Local\Programs\MiKTeX\tex/latex/listings\lstlang1.sty
File: lstlang1.sty 2024/09/23 1.10c listings language file
)
Package hyperref Info: bookmark level for unknown lstlisting defaults to 0 on input line 31.


[123]
LaTeX Font Info:    Font shape `T1/cmtt/bx/n' in size <10.95> not available
(Font)              Font shape `T1/cmtt/m/n' tried instead on input line 33.
 (C:\Users\isiva\AppData\Local\Programs\MiKTeX\tex/latex/listings\lstlang1.sty
File: lstlang1.sty 2024/09/23 1.10c listings language file
)

[124]

[125]

[126]

[127]

[128]

[129]

[130]

[131]
<figs/django-admin-mujeres-list.jpg, id=2313, 1204.5pt x 606.01407pt>
File: figs/django-admin-mujeres-list.jpg Graphic file (type jpg)
<use figs/django-admin-mujeres-list.jpg>
Package pdftex.def Info: figs/django-admin-mujeres-list.jpg  used on input line 488.
(pdftex.def)             Requested size: 409.71692pt x 206.13452pt.

Underfull \vbox (badness 10000) has occurred while \output is active []



[132]
<figs/django-admin-mujer-edit.jpg, id=2348, 1204.5pt x 733.23938pt>
File: figs/django-admin-mujer-edit.jpg Graphic file (type jpg)
<use figs/django-admin-mujer-edit.jpg>
Package pdftex.def Info: figs/django-admin-mujer-edit.jpg  used on input line 499.
(pdftex.def)             Requested size: 409.71692pt x 249.40997pt.


[133 <./figs/django-admin-mujeres-list.jpg> <./figs/django-admin-mujer-edit.jpg>]

[134]

[135]

[136]
Overfull \hbox (9.25221pt too wide) in paragraph at lines 700--701
[]\T1/cmr/m/n/12 Durante el des-plie-gue, se pue-de eje-cu-tar el co-man-do \T1/cmtt/m/n/12 python manage.py collectstatic
 []

<figs/back.jpg, id=2469, 636.87938pt x 70.76437pt>
File: figs/back.jpg Graphic file (type jpg)
<use figs/back.jpg>
Package pdftex.def Info: figs/back.jpg  used on input line 704.
(pdftex.def)             Requested size: 409.71692pt x 45.52335pt.


[137]
Underfull \vbox (badness 1286) has occurred while \output is active []



[138 <./figs/back.jpg>]
Overfull \hbox (4.72281pt too wide) in paragraph at lines 783--784
[]\T1/cmr/m/n/12 El có-di-go fuen-te del fron-tend se en-cuen-tra en la car-pe-ta \T1/cmtt/m/n/12 donam-mon-frontend/my-app/\T1/cmr/m/n/12 ,
 []



[139]

[140]

[141]

[142]
Overfull \hbox (47.82312pt too wide) in paragraph at lines 979--980
[]\T1/cmr/m/n/12 La apli-ca-ción im-ple-men-ta cálcu-los de dis-tan-cia pre-ci-sos me-dian-te la \T1/cmtt/m/n/12 fórmula de Haversine\T1/cmr/m/n/12 [[]],
 []



[143]

[144]
Overfull \hbox (61.21582pt too wide) in paragraph at lines 1076--1077
[]\T1/cmr/m/n/12 La apli-ca-ción im-ple-men-ta un sis-te-ma de fil-tros avan-za-do me-dian-te el con-tex-to \T1/cmtt/m/n/12 FiltrosContext.js\T1/cmr/m/n/12 ,
 []



[145]

[146]

[147]

[148]
Overfull \hbox (3.29114pt too wide) in paragraph at lines 1226--1227
[]\T1/cmr/bx/n/12 AR.js \T1/cmr/m/n/12 - Li-bre-ría Ja-vaS-cript que aña-de ca-pa-ci-da-des de reali-dad au-men-ta-da a A[]Frame 
 []


Overfull \hbox (25.32309pt too wide) in paragraph at lines 1251--1252
[]\T1/cmr/m/n/12 Cada ex-pe-rien-cia AR se alo-ja en una URL úni-ca, por ejem-plo: \T1/cmtt/m/n/12 https://ivam.vercel.app/\T1/cmr/m/n/12 .
 []



[149]

[150]

[151]

[152]
Overfull \hbox (8.8662pt too wide) in paragraph at lines 1415--1416
[]\T1/cmr/m/n/12 Posteriormente, se de-fi-nió un pa-nel in-for-ma-ti-vo en la es-ce-na con un ele-men-to \T1/cmtt/m/n/12 <a-entity>
 []



[153]
Underfull \hbox (badness 10000) in paragraph at lines 1447--1447
[][][][][]$\T1/cmr/m/n/8 https : / / cults3d . com / en / 3d-[]model / art / vandana-[]shiva ? srsltid = AfmBOoo2OFfWztX _ LpR _
 []

<figs/meshy1.jpg, id=3022, 1204.5pt x 543.53062pt>
File: figs/meshy1.jpg Graphic file (type jpg)
<use figs/meshy1.jpg>
Package pdftex.def Info: figs/meshy1.jpg  used on input line 1455.
(pdftex.def)             Requested size: 364.19667pt x 164.34595pt.

Underfull \vbox (badness 10000) has occurred while \output is active []



[154]
<figs/meshy2.jpg, id=3038, 1204.5pt x 543.53062pt>
File: figs/meshy2.jpg Graphic file (type jpg)
<use figs/meshy2.jpg>
Package pdftex.def Info: figs/meshy2.jpg  used on input line 1462.
(pdftex.def)             Requested size: 364.19667pt x 164.34595pt.
<figs/manuela_solis.jpg, id=3039, 243.91125pt x 207.77625pt>
File: figs/manuela_solis.jpg Graphic file (type jpg)
<use figs/manuela_solis.jpg>
Package pdftex.def Info: figs/manuela_solis.jpg  used on input line 1469.
(pdftex.def)             Requested size: 182.09486pt x 155.11844pt.


[155 <./figs/meshy1.jpg> <./figs/meshy2.jpg> <./figs/manuela_solis.jpg>]

[156])

[157]

[158

]
Cap\'{\i }tulo 7.
(tex/pruebas.tex
Underfull \hbox (badness 10000) in paragraph at lines 11--11
[]|\T1/cmr/bx/n/12 Descripción del
 []


Underfull \hbox (badness 10000) in paragraph at lines 11--11
[]|\T1/cmr/bx/n/12 Resultado
 []


Overfull \hbox (21.54718pt too wide) in alignment at lines 9--13
 [] [] [] [] 
 []


Underfull \hbox (badness 1817) in paragraph at lines 15--15
\T1/cmr/m/n/12 tri-bui-dos por Va-len-
 []


Underfull \hbox (badness 10000) in paragraph at lines 15--15
[]|\T1/cmr/m/n/12 El ma-pa
 []


Underfull \hbox (badness 10000) in paragraph at lines 15--15
\T1/cmr/m/n/12 mues-tra co-
 []


Underfull \hbox (badness 10000) in paragraph at lines 15--15
\T1/cmr/m/n/12 rrec-ta-men-te
 []


Underfull \hbox (badness 10000) in paragraph at lines 15--15
\T1/cmr/m/n/12 to-dos los
 []


Underfull \hbox (badness 10000) in paragraph at lines 15--15
\T1/cmr/m/n/12 pun-tos de
 []


Underfull \hbox (badness 10000) in paragraph at lines 15--15
\T1/cmr/m/n/12 in-te-rés en
 []


Underfull \hbox (badness 1077) in paragraph at lines 18--18
\T1/cmr/m/n/12 po real la ubi-ca-ción
 []


Underfull \hbox (badness 1337) in paragraph at lines 18--18
\T1/cmr/m/n/12 y com-pro-bar que la
 []


Underfull \hbox (badness 2478) in paragraph at lines 18--18
[]|\T1/cmr/m/n/12 La ubi-ca-ción
 []


Underfull \hbox (badness 10000) in paragraph at lines 18--18
\T1/cmr/m/n/12 del usua-rio
 []


Underfull \hbox (badness 1688) in paragraph at lines 18--18
\T1/cmr/m/n/12 se de-tec-ta y
 []


Underfull \hbox (badness 10000) in paragraph at lines 18--18
\T1/cmr/m/n/12 ac-tua-li-za en
 []


Underfull \hbox (badness 1314) in paragraph at lines 18--19
\T1/cmr/m/n/12 po-si-cio-na co-rrec-ta-men-te
 []


Underfull \hbox (badness 7047) in paragraph at lines 21--21
[]|\T1/cmr/m/n/12 Se mues-tran
 []


Underfull \hbox (badness 10000) in paragraph at lines 21--21
\T1/cmr/m/n/12 la ubi-ca-ción
 []


Underfull \hbox (badness 1430) in paragraph at lines 21--22
\T1/cmr/m/n/12 ki-ló-me-tros, que cam-bia
 []


Underfull \hbox (badness 10000) in paragraph at lines 24--24
[]|\T1/cmr/m/n/12 El usua-rio
 []


Underfull \hbox (badness 10000) in paragraph at lines 24--24
\T1/cmr/m/n/12 re-ci-be una
 []


Underfull \hbox (badness 10000) in paragraph at lines 24--24
\T1/cmr/m/n/12 no-ti-fi-ca-ción
 []


Underfull \hbox (badness 10000) in paragraph at lines 24--24
\T1/cmr/m/n/12 au-to-má-ti-ca
 []


Underfull \hbox (badness 10000) in paragraph at lines 24--24
\T1/cmr/m/n/12 de pro-xi-mi-
 []


Underfull \hbox (badness 3240) in paragraph at lines 24--25
[]|[] \T1/cmr/m/n/12 Al acer-car-se a un
 []


Underfull \hbox (badness 1472) in paragraph at lines 24--25
\T1/cmr/m/n/12 pun-to, la app mues-tra
 []


Underfull \hbox (badness 4391) in paragraph at lines 24--25
\T1/cmr/m/n/12 una no-ti-fi-ca-ción emer-
 []


Underfull \hbox (badness 4518) in paragraph at lines 27--27
[]|\T1/cmr/m/n/12 F5. Mos-trar pun-tos
 []


Underfull \hbox (badness 10000) in paragraph at lines 27--27
\T1/cmr/m/n/12 tran los
 []


Underfull \hbox (badness 10000) in paragraph at lines 27--27
\T1/cmr/m/n/12 pun-tos cer-
 []


Underfull \hbox (badness 10000) in paragraph at lines 27--27
\T1/cmr/m/n/12 ca-nos a la
 []


Underfull \hbox (badness 10000) in paragraph at lines 27--27
\T1/cmr/m/n/12 ubi-ca-ción
 []


Underfull \hbox (badness 10000) in paragraph at lines 30--30
[]|\T1/cmr/m/n/12 Se mues-tra
 []


Underfull \hbox (badness 2173) in paragraph at lines 33--33
\T1/cmr/m/n/12 do: tex-to, imá-ge-nes,
 []


Underfull \hbox (badness 4913) in paragraph at lines 33--33
\T1/cmr/m/n/12 tra co-rrec-ta-
 []


Underfull \hbox (badness 2600) in paragraph at lines 36--36
\T1/cmr/m/n/12 lis-ta com-ple-
 []


Underfull \hbox (badness 1264) in paragraph at lines 39--39
\T1/cmr/m/n/12 ta-lla com-ple-
 []


Underfull \hbox (badness 6859) in paragraph at lines 42--42
[]|\T1/cmr/m/n/12 F10. Com-par-tir in-
 []


Underfull \hbox (badness 3525) in paragraph at lines 42--42
[]|\T1/cmr/m/n/12 Pulsar el bo-tón de
 []


Underfull \hbox (badness 5924) in paragraph at lines 42--42
\T1/cmr/m/n/12 nú de apps
 []


Underfull \hbox (badness 7047) in paragraph at lines 42--42
\T1/cmr/m/n/12 na-ti-vas pa-ra
 []


Underfull \hbox (badness 6380) in paragraph at lines 42--42
\T1/cmr/m/n/12 com-par-tir la
 []


Underfull \hbox (badness 1817) in paragraph at lines 45--45
\T1/cmr/m/n/12 vo usua-rio me-dian-te
 []


Underfull \hbox (badness 10000) in paragraph at lines 45--45
\T1/cmr/m/n/12 re-gis-tra co-
 []


Underfull \hbox (badness 10000) in paragraph at lines 45--45
\T1/cmr/m/n/12 rrec-ta-men-te
 []


Underfull \hbox (badness 3579) in paragraph at lines 48--48
[]|\T1/cmr/m/n/12 Introducir cre-den-cia-
 []


Underfull \hbox (badness 5924) in paragraph at lines 48--48
\T1/cmr/m/n/12 men-te a su
 []


Underfull \hbox (badness 3690) in paragraph at lines 51--51
\T1/cmr/m/n/12 ma-ne-ce ac-ti-
 []


Underfull \hbox (badness 2644) in paragraph at lines 51--51
\T1/cmr/m/n/12 a ini-ciar se-
 []


Underfull \hbox (badness 10000) in paragraph at lines 54--54
\T1/cmr/m/n/12 guar-da co-
 []


Underfull \hbox (badness 2035) in paragraph at lines 54--54
\T1/cmr/m/n/12 se re-fle-ja en
 []


Underfull \hbox (badness 10000) in paragraph at lines 57--57
\T1/cmr/m/n/12 des-co-nec-ta-do
 []


Underfull \hbox (badness 10000) in paragraph at lines 57--57
\T1/cmr/m/n/12 pan-ta-lla de
 []


Underfull \hbox (badness 4120) in paragraph at lines 60--60
[]|\T1/cmr/m/n/12 F16. Fil-trar lu-ga-res
 []


Underfull \hbox (badness 10000) in paragraph at lines 60--60
[]|\T1/cmr/m/n/12 Los re-sul-
 []


Underfull \hbox (badness 10000) in paragraph at lines 60--60
\T1/cmr/m/n/12 ta-dos se
 []


Underfull \hbox (badness 10000) in paragraph at lines 60--60
\T1/cmr/m/n/12 ac-tua-li-zan
 []


Underfull \hbox (badness 10000) in paragraph at lines 60--60
\T1/cmr/m/n/12 co-rrec-ta-men-
 []


Underfull \hbox (badness 2189) in paragraph at lines 60--60
\T1/cmr/m/n/12 te se-gún los
 []


Underfull \hbox (badness 10000) in paragraph at lines 60--60
\T1/cmr/m/n/12 fil-tros se-lec-
 []


Underfull \hbox (badness 2689) in paragraph at lines 60--61
\T1/cmr/m/n/12 tua-li-za mos-tran-do so-lo
 []


Underfull \hbox (badness 1783) in paragraph at lines 63--63
[]|\T1/cmr/m/n/12 Escribir tex-to en el
 []


Underfull \hbox (badness 10000) in paragraph at lines 63--63
[]|\T1/cmr/m/n/12 Los re-sul-ta-
 []


Underfull \hbox (badness 10000) in paragraph at lines 63--63
\T1/cmr/m/n/12 en tiem-po
 []


Underfull \hbox (badness 10000) in paragraph at lines 63--63
\T1/cmr/m/n/12 tex-to in-tro-
 []


Underfull \hbox (badness 3471) in paragraph at lines 63--64
[]|[] \T1/cmr/m/n/12 Al es-cri-bir, la lis-
 []


Underfull \hbox (badness 10000) in paragraph at lines 66--66
[]|\T1/cmr/m/n/12 Los fil-tros
 []


Underfull \hbox (badness 10000) in paragraph at lines 66--66
\T1/cmr/m/n/12 apli-ca-dos se
 []


Underfull \hbox (badness 10000) in paragraph at lines 66--66
\T1/cmr/m/n/12 man-tie-nen
 []


Underfull \hbox (badness 1655) in paragraph at lines 66--66
\T1/cmr/m/n/12 en to-das las
 []


Underfull \hbox (badness 1210) in paragraph at lines 69--69
\T1/cmr/m/n/12 lis-ta cro-no-ló-
 []


Underfull \hbox (badness 6708) in paragraph at lines 69--69
\T1/cmr/m/n/12 res vi-si-ta-dos
 []


Underfull \hbox (badness 3977) in paragraph at lines 69--69
\T1/cmr/m/n/12 con fe-cha y
 []


Underfull \hbox (badness 5548) in paragraph at lines 72--72
\T1/cmr/m/n/12 lis-ta de ru-
 []


Underfull \hbox (badness 1163) in paragraph at lines 75--75
[]|\T1/cmr/m/n/12 Acceder al pa-nel de
 []


Underfull \hbox (badness 10000) in paragraph at lines 75--75
[]|\T1/cmr/m/n/12 El ad-mi-nis-
 []


Underfull \hbox (badness 10000) in paragraph at lines 75--75
\T1/cmr/m/n/12 co-rrec-ta-men-
 []


Underfull \hbox (badness 1661) in paragraph at lines 75--76
\T1/cmr/m/n/12 den-cia-les, se ac-ce-de al
 []


Underfull \hbox (badness 3219) in paragraph at lines 78--78
\T1/cmr/m/n/12 gu-ras his-tó-ri-cas con
 []


Underfull \hbox (badness 2134) in paragraph at lines 78--78
[]|\T1/cmr/m/n/12 La fi-gu-ra se
 []


Underfull \hbox (badness 10000) in paragraph at lines 78--78
\T1/cmr/m/n/12 ta-men-te y
 []


Underfull \hbox (badness 2875) in paragraph at lines 81--81
\T1/cmr/m/n/12 se guar-da y
 []


Underfull \hbox (badness 6461) in paragraph at lines 84--84
[]|\T1/cmr/m/n/12 Los ar-chi-vos
 []


Underfull \hbox (badness 1496) in paragraph at lines 84--84
\T1/cmr/m/n/12 mues-tran co-
 []


Underfull \hbox (badness 10000) in paragraph at lines 84--84
\T1/cmr/m/n/12 rrec-ta-men-te
 []


Underfull \hbox (badness 10000) in paragraph at lines 87--87
[]|\T1/cmr/m/n/12 Modificar o bo-rrar
 []


Underfull \hbox (badness 2970) in paragraph at lines 87--87
\T1/cmr/m/n/12 una fi-gu-ra o pun-to
 []


Underfull \hbox (badness 10000) in paragraph at lines 87--87
[]|\T1/cmr/m/n/12 Los cam-bios
 []


Underfull \hbox (badness 10000) in paragraph at lines 87--87
\T1/cmr/m/n/12 rrec-ta-men-te
 []


Underfull \hbox (badness 2600) in paragraph at lines 90--90
\T1/cmr/m/n/12 lis-ta com-ple-
 []


Underfull \hbox (badness 2368) in paragraph at lines 93--93
[]|\T1/cmr/m/n/12 F27. Eli-mi-nar usua-
 []


Underfull \hbox (badness 10000) in paragraph at lines 93--93
\T1/cmr/m/n/12 rrec-ta-men-te
 []


Underfull \hbox (badness 10000) in paragraph at lines 96--96
[]|\T1/cmr/m/n/12 La in-ter-faz
 []


Underfull \hbox (badness 10000) in paragraph at lines 96--96
\T1/cmr/m/n/12 rrec-ta-men-te
 []


Underfull \hbox (badness 6625) in paragraph at lines 96--96
\T1/cmr/m/n/12 a to-dos los
 []


Underfull \hbox (badness 10000) in paragraph at lines 96--96
\T1/cmr/m/n/12 ta-ma-ños de
 []


Underfull \hbox (badness 10000) in paragraph at lines 99--99
[]|\T1/cmr/m/n/12 La na-ve-ga-
 []


Underfull \hbox (badness 10000) in paragraph at lines 99--99
\T1/cmr/m/n/12 in-tui-ti-va y
 []


Underfull \hbox (badness 2903) in paragraph at lines 102--102
\T1/cmr/m/n/12 flui-do y sin erro-res
 []


Underfull \hbox (badness 10000) in paragraph at lines 102--102
[]|\T1/cmr/m/n/12 La app
 []


Underfull \hbox (badness 10000) in paragraph at lines 102--102
\T1/cmr/m/n/12 fun-cio-na co-
 []


Underfull \hbox (badness 10000) in paragraph at lines 102--102
\T1/cmr/m/n/12 rrec-ta-men-te
 []


Underfull \hbox (badness 3803) in paragraph at lines 105--105
\T1/cmr/m/n/12 ru-tas te-má-ti-cas con
 []


Underfull \hbox (badness 5548) in paragraph at lines 105--105
\T1/cmr/m/n/12 lis-ta de ru-
 []


Underfull \hbox (badness 1466) in paragraph at lines 105--105
\T1/cmr/m/n/12 con sus des-
 []


Underfull \hbox (badness 2027) in paragraph at lines 105--106
\T1/cmr/m/n/12 ru-tas dis-po-ni-bles, ca-da
 []


Underfull \hbox (badness 10000) in paragraph at lines 108--108
[]|\T1/cmr/m/n/12 F32. Con-sul-tar los
 []


Underfull \hbox (badness 10000) in paragraph at lines 108--108
\T1/cmr/m/n/12 pun-tos que for-man
 []


Underfull \hbox (badness 7047) in paragraph at lines 108--108
[]|\T1/cmr/m/n/12 Se mues-tran
 []


Underfull \hbox (badness 10000) in paragraph at lines 108--108
\T1/cmr/m/n/12 co-rrec-ta-men-
 []


Underfull \hbox (badness 3240) in paragraph at lines 111--111
[]|\T1/cmr/m/n/12 El pun-to se
 []


Underfull \hbox (badness 10000) in paragraph at lines 111--111
\T1/cmr/m/n/12 mar-ca co-mo
 []


Underfull \hbox (badness 5331) in paragraph at lines 111--111
\T1/cmr/m/n/12 vi-si-ta-do so-lo
 []


Underfull \hbox (badness 10000) in paragraph at lines 111--111
\T1/cmr/m/n/12 con el QR
 []


Underfull \hbox (badness 10000) in paragraph at lines 114--114
[]|\T1/cmr/m/n/12 El pro-gre-so
 []


Underfull \hbox (badness 10000) in paragraph at lines 114--114
\T1/cmr/m/n/12 re-ini-cia co-
 []


Underfull \hbox (badness 3780) in paragraph at lines 117--117
\T1/cmr/m/n/12 tos con RA
 []


Underfull \hbox (badness 2875) in paragraph at lines 117--118
[]|[] \T1/cmr/m/n/12 La sec-ción de RA
 []


Underfull \hbox (badness 2269) in paragraph at lines 120--120
[]|\T1/cmr/m/n/12 F36. Mos-trar úni-ca-
 []


Underfull \hbox (badness 2460) in paragraph at lines 120--120
\T1/cmr/m/n/12 RA des-de di-fe-ren-tes
 []


Underfull \hbox (badness 3780) in paragraph at lines 120--120
\T1/cmr/m/n/12 tos con RA
 []


Underfull \hbox (badness 7203) in paragraph at lines 123--123
[]|\T1/cmr/m/n/12 F37. Al se-lec-cio-nar
 []


Underfull \hbox (badness 2469) in paragraph at lines 123--123
\T1/cmr/m/n/12 ga el mo-de-
 []


Overfull \hbox (21.54718pt too wide) in alignment at lines 13--126
 [] [] [] [] 
 []

[159] [160] [161] [162]

[163]
<figs/usuario.jpg, id=3089, 3035.34pt x 4047.12pt>
File: figs/usuario.jpg Graphic file (type jpg)
<use figs/usuario.jpg>
Package pdftex.def Info: figs/usuario.jpg  used on input line 156.
(pdftex.def)             Requested size: 223.07211pt x 297.40726pt.
<figs/usuario3.jpg, id=3090, 728.4816pt x 971.3088pt>
File: figs/usuario3.jpg Graphic file (type jpg)
<use figs/usuario3.jpg>
Package pdftex.def Info: figs/usuario3.jpg  used on input line 161.
(pdftex.def)             Requested size: 223.07211pt x 297.42702pt.


[164 <./figs/usuario.jpg> <./figs/usuario3.jpg>]
<figs/sus_p1.jpg, id=3096, 535.2497pt x 167.87718pt>
File: figs/sus_p1.jpg Graphic file (type jpg)
<use figs/sus_p1.jpg>
Package pdftex.def Info: figs/sus_p1.jpg  used on input line 232.
(pdftex.def)             Requested size: 318.66948pt x 99.95348pt.


[165]
<figs/sus_p2.jpg, id=3101, 536.0025pt x 167.12437pt>
File: figs/sus_p2.jpg Graphic file (type jpg)
<use figs/sus_p2.jpg>
Package pdftex.def Info: figs/sus_p2.jpg  used on input line 240.
(pdftex.def)             Requested size: 318.66948pt x 99.3599pt.
<figs/sus_p3.jpg, id=3102, 536.75531pt x 170.88844pt>
File: figs/sus_p3.jpg Graphic file (type jpg)
<use figs/sus_p3.jpg>
Package pdftex.def Info: figs/sus_p3.jpg  used on input line 248.
(pdftex.def)             Requested size: 318.66948pt x 101.45432pt.
<figs/sus_p4.jpg, id=3103, 534.49687pt x 168.63pt>
File: figs/sus_p4.jpg Graphic file (type jpg)
<use figs/sus_p4.jpg>
Package pdftex.def Info: figs/sus_p4.jpg  used on input line 256.
(pdftex.def)             Requested size: 318.66948pt x 100.54065pt.
<figs/sus_p5.jpg, id=3104, 534.49687pt x 167.87718pt>
File: figs/sus_p5.jpg Graphic file (type jpg)
<use figs/sus_p5.jpg>
Package pdftex.def Info: figs/sus_p5.jpg  used on input line 264.
(pdftex.def)             Requested size: 318.66948pt x 100.0918pt.


[166 <./figs/sus_p1.jpg> <./figs/sus_p2.jpg> <./figs/sus_p3.jpg> <./figs/sus_p4.jpg>]
<figs/sus_p6.jpg, id=3109, 533.74406pt x 170.88844pt>
File: figs/sus_p6.jpg Graphic file (type jpg)
<use figs/sus_p6.jpg>
Package pdftex.def Info: figs/sus_p6.jpg  used on input line 272.
(pdftex.def)             Requested size: 318.66948pt x 102.0306pt.
<figs/sus_p7.jpg, id=3110, 533.74406pt x 170.88844pt>
File: figs/sus_p7.jpg Graphic file (type jpg)
<use figs/sus_p7.jpg>
Package pdftex.def Info: figs/sus_p7.jpg  used on input line 280.
(pdftex.def)             Requested size: 318.66948pt x 102.0306pt.
<figs/sus_p8.jpg, id=3111, 533.74406pt x 168.63pt>
File: figs/sus_p8.jpg Graphic file (type jpg)
<use figs/sus_p8.jpg>
Package pdftex.def Info: figs/sus_p8.jpg  used on input line 288.
(pdftex.def)             Requested size: 318.66948pt x 100.68216pt.
<figs/sus_p9.jpg, id=3112, 535.2497pt x 167.87718pt>
File: figs/sus_p9.jpg Graphic file (type jpg)
<use figs/sus_p9.jpg>
Package pdftex.def Info: figs/sus_p9.jpg  used on input line 296.
(pdftex.def)             Requested size: 318.66948pt x 99.95348pt.


[167 <./figs/sus_p5.jpg> <./figs/sus_p6.jpg> <./figs/sus_p7.jpg> <./figs/sus_p8.jpg>]
<figs/sus_p10.jpg, id=3117, 536.0025pt x 170.13562pt>
File: figs/sus_p10.jpg Graphic file (type jpg)
<use figs/sus_p10.jpg>
Package pdftex.def Info: figs/sus_p10.jpg  used on input line 304.
(pdftex.def)             Requested size: 318.66948pt x 101.15016pt.

Underfull \vbox (badness 10000) has occurred while \output is active []



[168 <./figs/sus_p9.jpg> <./figs/sus_p10.jpg>]
Package pgfplots info on input line 366: Using 'lua backend=false' for axis: x coord trafo unsupported.
Package pgfplots info on input line 389: Using 'lua backend=false' for axis: x coord trafo unsupported.

Underfull \vbox (badness 10000) has occurred while \output is active []



[169]

[170]
Underfull \hbox (badness 2158) in paragraph at lines 473--474
[]|\T1/cmr/m/n/12 Wi-Fi 802.11ax, Blue-tooth
 []



[171]

[172]
Package pgfplots info on input line 578: Using 'lua backend=false' for axis: x coord trafo unsupported.

Underfull \vbox (badness 10000) has occurred while \output is active []



[173]
Package pgfplots info on input line 608: Using 'lua backend=false' for axis: x coord trafo unsupported.
Package pgfplots info on input line 637: Using 'lua backend=false' for axis: x coord trafo unsupported.


[174]

[175]
<figs/performance_monitor.jpg, id=3172, 831.105pt x 1798.72pt>
File: figs/performance_monitor.jpg Graphic file (type jpg)
<use figs/performance_monitor.jpg>
Package pdftex.def Info: figs/performance_monitor.jpg  used on input line 675.
(pdftex.def)             Requested size: 227.62206pt x 492.63223pt.

Underfull \vbox (badness 10000) has occurred while \output is active []



[176 <./figs/performance_monitor.jpg>]
<figs/captura_logs.jpg, id=3180, 741.77126pt x 1606.0pt>
File: figs/captura_logs.jpg Graphic file (type jpg)
<use figs/captura_logs.jpg>
Package pdftex.def Info: figs/captura_logs.jpg  used on input line 689.
(pdftex.def)             Requested size: 182.09486pt x 394.24538pt.


[177 <./figs/captura_logs.jpg>]

[178])

[179]

[180

]
Cap\'{\i }tulo 8.
(tex/resultados.tex
<figs/captura1.jpg, id=3219, 831.105pt x 1798.72pt>
File: figs/captura1.jpg Graphic file (type jpg)
<use figs/captura1.jpg>
Package pdftex.def Info: figs/captura1.jpg  used on input line 9.
(pdftex.def)             Requested size: 136.57462pt x 295.56836pt.
<figs/captura2.jpg, id=3221, 623.32875pt x 1349.04pt>
File: figs/captura2.jpg Graphic file (type jpg)
<use figs/captura2.jpg>
Package pdftex.def Info: figs/captura2.jpg  used on input line 18.
(pdftex.def)             Requested size: 136.57462pt x 295.57523pt.

Underfull \vbox (badness 5954) has occurred while \output is active []



[181 <./figs/captura1.jpg>]
<figs/captura3.jpg, id=3228, 741.77126pt x 1606.0pt>
File: figs/captura3.jpg Graphic file (type jpg)
<use figs/captura3.jpg>
Package pdftex.def Info: figs/captura3.jpg  used on input line 27.
(pdftex.def)             Requested size: 136.57462pt x 295.68404pt.
<figs/captura4.jpg, id=3230, 831.105pt x 1798.72pt>
File: figs/captura4.jpg Graphic file (type jpg)
<use figs/captura4.jpg>
Package pdftex.def Info: figs/captura4.jpg  used on input line 36.
(pdftex.def)             Requested size: 136.57462pt x 295.56836pt.


[182 <./figs/captura2.jpg> <./figs/captura3.jpg>]
<figs/captura_filtros.jpg, id=3236, 741.77126pt x 1606.0pt>
File: figs/captura_filtros.jpg Graphic file (type jpg)
<use figs/captura_filtros.jpg>
Package pdftex.def Info: figs/captura_filtros.jpg  used on input line 45.
(pdftex.def)             Requested size: 136.57462pt x 295.68404pt.
<figs/captura5.jpg, id=3241, 831.105pt x 1798.72pt>
File: figs/captura5.jpg Graphic file (type jpg)
<use figs/captura5.jpg>
Package pdftex.def Info: figs/captura5.jpg  used on input line 55.
(pdftex.def)             Requested size: 133.15674pt x 288.18533pt.
<figs/captura6.jpg, id=3242, 741.77126pt x 1606.0pt>
File: figs/captura6.jpg Graphic file (type jpg)
<use figs/captura6.jpg>
Package pdftex.def Info: figs/captura6.jpg  used on input line 62.
(pdftex.def)             Requested size: 133.15674pt x 288.28336pt.


[183 <./figs/captura4.jpg> <./figs/captura_filtros.jpg>]
<figs/captura7.jpg, id=3247, 741.77126pt x 1606.0pt>
File: figs/captura7.jpg Graphic file (type jpg)
<use figs/captura7.jpg>
Package pdftex.def Info: figs/captura7.jpg  used on input line 73.
(pdftex.def)             Requested size: 133.15674pt x 288.28336pt.
<figs/capturawats.jpg, id=3248, 741.77126pt x 1606.0pt>
File: figs/capturawats.jpg Graphic file (type jpg)
<use figs/capturawats.jpg>
Package pdftex.def Info: figs/capturawats.jpg  used on input line 80.
(pdftex.def)             Requested size: 133.15674pt x 288.28336pt.
<figs/captura_modal.jpg, id=3250, 831.105pt x 1798.72pt>
File: figs/captura_modal.jpg Graphic file (type jpg)
<use figs/captura_modal.jpg>
Package pdftex.def Info: figs/captura_modal.jpg  used on input line 91.
(pdftex.def)             Requested size: 136.57462pt x 295.56836pt.


[184 <./figs/captura5.jpg> <./figs/captura6.jpg> <./figs/captura7.jpg> <./figs/capturawats.jpg>]
<figs/captura8.jpg, id=3258, 741.77126pt x 1606.0pt>
File: figs/captura8.jpg Graphic file (type jpg)
<use figs/captura8.jpg>
Package pdftex.def Info: figs/captura8.jpg  used on input line 102.
(pdftex.def)             Requested size: 122.9163pt x 266.10582pt.
<figs/captura9.jpg, id=3259, 831.105pt x 1798.72pt>
File: figs/captura9.jpg Graphic file (type jpg)
<use figs/captura9.jpg>
Package pdftex.def Info: figs/captura9.jpg  used on input line 109.
(pdftex.def)             Requested size: 122.9163pt x 266.00877pt.
<figs/captura10.jpg, id=3260, 831.105pt x 1798.72pt>
File: figs/captura10.jpg Graphic file (type jpg)
<use figs/captura10.jpg>
Package pdftex.def Info: figs/captura10.jpg  used on input line 116.
(pdftex.def)             Requested size: 122.9163pt x 266.00877pt.


[185 <./figs/captura_modal.jpg> <./figs/captura8.jpg> <./figs/captura9.jpg> <./figs/captura10.jpg>]
<figs/captura11.jpg, id=3269, 831.105pt x 1798.72pt>
File: figs/captura11.jpg Graphic file (type jpg)
<use figs/captura11.jpg>
Package pdftex.def Info: figs/captura11.jpg  used on input line 128.
(pdftex.def)             Requested size: 136.57462pt x 295.56836pt.
<figs/captura12.jpg, id=3270, 831.105pt x 1798.72pt>
File: figs/captura12.jpg Graphic file (type jpg)
<use figs/captura12.jpg>
Package pdftex.def Info: figs/captura12.jpg  used on input line 135.
(pdftex.def)             Requested size: 136.57462pt x 295.56836pt.
<figs/captura13.jpg, id=3271, 831.105pt x 1798.72pt>
File: figs/captura13.jpg Graphic file (type jpg)
<use figs/captura13.jpg>
Package pdftex.def Info: figs/captura13.jpg  used on input line 142.
(pdftex.def)             Requested size: 136.57462pt x 295.56836pt.


[186 <./figs/captura11.jpg> <./figs/captura12.jpg>]
<figs/captura14.jpg, id=3276, 831.105pt x 1798.72pt>
File: figs/captura14.jpg Graphic file (type jpg)
<use figs/captura14.jpg>
Package pdftex.def Info: figs/captura14.jpg  used on input line 149.
(pdftex.def)             Requested size: 136.57462pt x 295.56836pt.
<figs/captura15.jpg, id=3280, 741.77126pt x 1606.0pt>
File: figs/captura15.jpg Graphic file (type jpg)
<use figs/captura15.jpg>
Package pdftex.def Info: figs/captura15.jpg  used on input line 158.
(pdftex.def)             Requested size: 136.57462pt x 295.68404pt.


[187 <./figs/captura13.jpg> <./figs/captura14.jpg>]
<figs/captura16.jpg, id=3286, 741.77126pt x 1606.0pt>
File: figs/captura16.jpg Graphic file (type jpg)
<use figs/captura16.jpg>
Package pdftex.def Info: figs/captura16.jpg  used on input line 165.
(pdftex.def)             Requested size: 136.57462pt x 295.68404pt.
<figs/captura17.jpg, id=3287, 741.77126pt x 1606.0pt>
File: figs/captura17.jpg Graphic file (type jpg)
<use figs/captura17.jpg>
Package pdftex.def Info: figs/captura17.jpg  used on input line 172.
(pdftex.def)             Requested size: 136.57462pt x 295.68404pt.
)
Underfull \vbox (badness 10000) has occurred while \output is active []



[188 <./figs/captura15.jpg> <./figs/captura16.jpg>]

[189 <./figs/captura17.jpg>]

[190

]
Cap\'{\i }tulo 9.
(tex/conclusiones.tex
Overfull \hbox (9.92264pt too wide) in paragraph at lines 32--33
 [][] 
 []


LaTeX Warning: Command \texteuro invalid in math mode on input line 38.


LaTeX Warning: Command \texteuro invalid in math mode on input line 38.


LaTeX Warning: Command \texteuro invalid in math mode on input line 38.


LaTeX Warning: Command \texteuro invalid in math mode on input line 38.

Missing character: There is no ¿ in font cmr12!
Missing character: There is no ¿ in font cmr12!


[191]

LaTeX Warning: Command \texteuro invalid in math mode on input line 41.


LaTeX Warning: Command \texteuro invalid in math mode on input line 41.


LaTeX Warning: Command \texteuro invalid in math mode on input line 41.


LaTeX Warning: Command \texteuro invalid in math mode on input line 41.

Missing character: There is no ¿ in font cmr12!
Missing character: There is no ¿ in font cmr12!

LaTeX Warning: Command \texteuro invalid in math mode on input line 44.


LaTeX Warning: Command \texteuro invalid in math mode on input line 44.


LaTeX Warning: Command \texteuro invalid in math mode on input line 44.


LaTeX Warning: Command \texteuro invalid in math mode on input line 44.


LaTeX Warning: Command \texteuro invalid in math mode on input line 44.


LaTeX Warning: Command \texteuro invalid in math mode on input line 44.

Missing character: There is no ¿ in font cmr12!
Missing character: There is no ¿ in font cmr12!
Missing character: There is no ¿ in font cmr12!
Package pgfplots info on input line 73: Using 'lua backend=false' for axis: x coord trafo unsupported.


[192]

[193]

[194])

[195]

[196

]
Ap\'{e}ndice A.
(tex/apendice.tex

LaTeX Warning: Reference `fig:diagrama' on page 197 undefined on input line 52.


Overfull \hbox (36.36346pt too wide) in paragraph at lines 52--53
[]\T1/cmr/m/n/12 En la fi-gu-ra [] se mues-tra un dia-gra-ma rea-li-za-do con [][]https://www.yworks.com/products/yed[][]: 
 []

<figs/diagrama.pdf, id=3337, 420.57124pt x 221.82875pt>
File: figs/diagrama.pdf Graphic file (type pdf)
<use figs/diagrama.pdf>
Package pdftex.def Info: figs/diagrama.pdf  used on input line 57.
(pdftex.def)             Requested size: 182.09486pt x 96.04453pt.
File: figs/diagrama.pdf Graphic file (type pdf)
<use figs/diagrama.pdf>
Package pdftex.def Info: figs/diagrama.pdf  used on input line 57.
(pdftex.def)             Requested size: 182.09486pt x 96.04453pt.


[197]) (ejemplo-memoria.bbl

[198 <./figs/diagrama.pdf>]

[199

]

[200]

[201]
Underfull \hbox (badness 10000) in paragraph at lines 334--340
[]\T1/cmr/m/n/12 Glassdoor.  Suel-do de je-fe de pro-yec-to.  [][]$\T1/cmr/m/n/8 https : / / www . glassdoor . es / Sueldos /
 []


Underfull \hbox (badness 1448) in paragraph at lines 342--348
[]\T1/cmr/m/n/12 Glassdoor.  Suel-do de de-sa-rro-lla-dor react na-ti-ve.  [][]$\T1/cmr/m/n/8 https : / / www . glassdoor . es / Sueldos /
 []


Underfull \hbox (badness 10000) in paragraph at lines 365--371
[]\T1/cmr/m/n/12 Glassdoor.  Suel-do de mo-de-la-dor 3d.  [][]$\T1/cmr/m/n/8 https : / / www . glassdoor . es / Sueldos /
 []


Underfull \hbox (badness 10000) in paragraph at lines 373--379
[]\T1/cmr/m/n/12 Glassdoor.  Suel-do de di-se-ña-dor grá-fi-co.  [][]$\T1/cmr/m/n/8 https : / / www . glassdoor . es / Sueldos /
 []


Underfull \hbox (badness 7081) in paragraph at lines 397--403
[]\T1/cmr/m/n/12 Kira Co-chra-ne.  Why pur-ple is the co-lour of in-ter-na-tio-nal wo-men's
 []


Underfull \hbox (badness 10000) in paragraph at lines 397--403
\T1/cmr/m/n/12 day.  [][]$\T1/cmr/m/n/8 https : / / www . theguardian . com / lifeandstyle / the-[]womens-[]blog-[]with-[]jane-[]martinson / 2013 / mar / 08 /
 []



[202]
Underfull \hbox (badness 10000) in paragraph at lines 464--469
[]\T1/cmr/m/n/12 Asus rog strix g15 g513ic-hn004 amd ry-zen 7
 []


Underfull \hbox (badness 10000) in paragraph at lines 464--469
\T1/cmr/m/n/12 4800h/16gb/512gb ss-d/rtx 3050/15.6".  [][]$\T1/cmr/m/n/8 https : / / www . pccomponentes . com /
 []

)

[203] (ejemplo-memoria.aux
LaTeX Info: Redefining \. on input line 12.
LaTeX Info: Redefining \% on input line 12.
)
 ***********
LaTeX2e <2024-11-01> patch level 2
L3 programming layer <2025-01-18>
 ***********


LaTeX Warning: There were undefined references.

Package rerunfilecheck Info: File `ejemplo-memoria.out' has not changed.
(rerunfilecheck)             Checksum: 5C6CC95512072E1A9647DF47D3B38BC3;53113.
 ) 
Here is how much of TeX's memory you used:
 44403 strings out of 473523
 987783 string characters out of 5714631
 1926179 words of memory out of 5000000
 65386 multiletter control sequences out of 15000+600000
 590364 words of font info for 111 fonts, out of 8000000 for 9000
 1141 hyphenation exceptions out of 8191
 99i,19n,105p,2013b,2393s stack positions out of 10000i,1000n,20000p,200000b,200000s
 <C:\Users\isiva\AppData\Local\MiKTeX\fonts/pk/ljfour/jknappen/ec/dpi600\ecti0800.pk> <C:\Users\isiva\AppData\Local\MiKTeX\fonts/pk/ljfour/jknappen/ec/dpi600\ecbx0800.pk> <C:\Users\isiva\AppData\Local\MiKTeX\fonts/pk/ljfour/jknappen/ec/dpi600\ecrm1000.pk> <C:\Users\isiva\AppData\Local\MiKTeX\fonts/pk/ljfour/jknappen/ec/dpi600\ecrm0700.pk> <C:\Users\isiva\AppData\Local\MiKTeX\fonts/pk/ljfour/jknappen/ec/dpi600\ecrm0800.pk> <C:\Users\isiva\AppData\Local\MiKTeX\fonts/pk/ljfour/jknappen/ec/dpi600\ecit1095.pk> <C:\Users\isiva\AppData\Local\MiKTeX\fonts/pk/ljfour/jknappen/ec/dpi600\ectt1095.pk> <C:\Users\isiva\AppData\Local\MiKTeX\fonts/pk/ljfour/jknappen/ec/dpi600\ecrm0600.pk> <C:\Users\isiva\AppData\Local\MiKTeX\fonts/pk/ljfour/jknappen/ec/dpi600\ecrm1095.pk> <C:\Users\isiva\AppData\Local\MiKTeX\fonts/pk/ljfour/jknappen/ec/dpi600\tcbx1095.pk> <C:\Users\isiva\AppData\Local\MiKTeX\fonts/pk/ljfour/jknappen/ec/dpi600\ecbx1095.pk> <C:\Users\isiva\AppData\Local\MiKTeX\fonts/pk/ljfour/jknappen/ec/dpi600\tcbx1200.pk> <C:\Users\isiva\AppData\Local\MiKTeX\fonts/pk/ljfour/jknappen/ec/dpi600\ecsx1440.pk> <C:\Users\isiva\AppData\Local\MiKTeX\fonts/pk/ljfour/jknappen/ec/dpi600\ecbx1440.pk> <C:\Users\isiva\AppData\Local\MiKTeX\fonts/pk/ljfour/jknappen/ec/dpi600\ecbx1728.pk> <C:\Users\isiva\AppData\Local\MiKTeX\fonts/pk/ljfour/jknappen/ec/dpi600\ectt1200.pk> <C:\Users\isiva\AppData\Local\MiKTeX\fonts/pk/ljfour/jknappen/ec/dpi600\ecbx2488.pk> <C:\Users\isiva\AppData\Local\MiKTeX\fonts/pk/ljfour/jknappen/ec/dpi600\tcti1200.pk> <C:\Users\isiva\AppData\Local\MiKTeX\fonts/pk/ljfour/jknappen/ec/dpi600\tcrm1200.pk> <C:\Users\isiva\AppData\Local\MiKTeX\fonts/pk/ljfour/jknappen/ec/dpi600\ecti1200.pk> <C:\Users\isiva\AppData\Local\MiKTeX\fonts/pk/ljfour/jknappen/ec/dpi600\ecrm1200.pk> <C:\Users\isiva\AppData\Local\MiKTeX\fonts/pk/ljfour/jknappen/ec/dpi600\ecbx1200.pk> <C:\Users\isiva\AppData\Local\MiKTeX\fonts/pk/ljfour/jknappen/ec/dpi600\ecxc1440.pk> <C:\Users\isiva\AppData\Local\MiKTeX\fonts/pk/ljfour/jknappen/ec/dpi600\eccc2074.pk><C:/Users/isiva/AppData/Local/Programs/MiKTeX/fonts/type1/public/amsfonts/cm/cmex10.pfb><C:/Users/isiva/AppData/Local/Programs/MiKTeX/fonts/type1/public/amsfonts/cm/cmmi10.pfb><C:/Users/isiva/AppData/Local/Programs/MiKTeX/fonts/type1/public/amsfonts/cm/cmmi12.pfb><C:/Users/isiva/AppData/Local/Programs/MiKTeX/fonts/type1/public/amsfonts/cm/cmmi8.pfb><C:/Users/isiva/AppData/Local/Programs/MiKTeX/fonts/type1/public/amsfonts/cm/cmr10.pfb><C:/Users/isiva/AppData/Local/Programs/MiKTeX/fonts/type1/public/amsfonts/cm/cmr12.pfb><C:/Users/isiva/AppData/Local/Programs/MiKTeX/fonts/type1/public/amsfonts/cm/cmr8.pfb><C:/Users/isiva/AppData/Local/Programs/MiKTeX/fonts/type1/public/amsfonts/cm/cmsy10.pfb><C:/Users/isiva/AppData/Local/Programs/MiKTeX/fonts/type1/public/amsfonts/cm/cmsy8.pfb><C:/Users/isiva/AppData/Local/Programs/MiKTeX/fonts/type1/public/amsfonts/symbols/msam10.pfb>
Output written on ejemplo-memoria.pdf (203 pages, 18478322 bytes).
PDF statistics:
 4866 PDF objects out of 5155 (max. 8388607)
 1493 named destinations out of 1728 (max. 500000)
 2024 words of extra memory for PDF output out of 10000 (max. 10000000)

